<?xml version = '1.0' encoding = 'UTF-8'?>
<Relation class="oracle.dbtools.crest.model.design.logical.Relation" name="leadered_by" directorySegmentName="seg_0" id="18B5BFAB-DF00-54AD-5FC6-8DBD168CE74F">
<createdBy>josef</createdBy>
<createdTime>2016-01-03 14:26:27 UTC</createdTime>
<ownerDesignName>project-model</ownerDesignName>
<engineerTo>
<item key="C9C0D4DF-A02E-E15D-A108-0B3AEBAD2849" value="true"/>
<item key="DA42B047-1F3A-EA26-2E4B-D88A4DBD353D" value="true"/>
<item key="E7F332FE-6D79-D304-9878-300705F6C87F" value="true"/>
</engineerTo>
<sourcePk>CE017504-8763-CCE3-D4D9-F152858F3536</sourcePk>
<identifying>false</identifying>
<optionalSource>true</optionalSource>
<optionalTarget>false</optionalTarget>
<sourceCardinality>1</sourceCardinality>
<sourceEntity>7FEDF68F-EC68-49D1-23A4-67C29476F161</sourceEntity>
<targetCardinalityString>*</targetCardinalityString>
<targetEntity>54C19053-5AD2-0DF5-3CD1-C9EC9EB00B3C</targetEntity>
<transferable>true</transferable>
<deleteRule>NO ACTION</deleteRule>
</Relation>