<?xml version = '1.0' encoding = 'UTF-8'?>
<Relation class="oracle.dbtools.crest.model.design.logical.Relation" name="USED_TECHNOLOGIES" directorySegmentName="seg_0" id="338B67F6-F96C-9C0E-17F7-C811B855E8A9">
<createdBy>josef</createdBy>
<createdTime>2015-12-25 12:16:17 UTC</createdTime>
<ownerDesignName>project-model</ownerDesignName>
<engineerTo>
<item key="C9C0D4DF-A02E-E15D-A108-0B3AEBAD2849" value="true"/>
</engineerTo>
<identifying>false</identifying>
<nameOnSource>uses_technology</nameOnSource>
<optionalSource>true</optionalSource>
<optionalTarget>true</optionalTarget>
<sourceCardinality>*</sourceCardinality>
<sourceEntity>166D368F-229B-0C9F-37D6-6ED574378F52</sourceEntity>
<targetCardinalityString>*</targetCardinalityString>
<targetEntity>F273A54D-0FFA-3589-D1B0-08C0D27E575F</targetEntity>
<transferable>true</transferable>
<deleteRule>NO ACTION</deleteRule>
</Relation>