<?xml version = '1.0' encoding = 'UTF-8'?>
<Relation class="oracle.dbtools.crest.model.design.logical.Relation" name="internal_project_reprezentation" directorySegmentName="seg_0" id="4D4D51A2-230A-7BE8-10C2-D85EB7FFFB97">
<createdBy>josef</createdBy>
<createdTime>2015-12-25 12:22:04 UTC</createdTime>
<ownerDesignName>project-model</ownerDesignName>
<engineerTo>
<item key="6AC9900D-9D0B-CB6E-4A51-E0838FCD86DC" value="true"/>
</engineerTo>
<sourcePk>9C3F824E-A8FA-F19F-3502-5C1CD70088B9</sourcePk>
<dominantRole>166D368F-229B-0C9F-37D6-6ED574378F52</dominantRole>
<identifying>true</identifying>
<nameOnSource>reprezented_by</nameOnSource>
<optionalSource>true</optionalSource>
<optionalTarget>false</optionalTarget>
<sourceCardinality>1</sourceCardinality>
<sourceEntity>166D368F-229B-0C9F-37D6-6ED574378F52</sourceEntity>
<targetCardinalityString>1</targetCardinalityString>
<targetEntity>54C19053-5AD2-0DF5-3CD1-C9EC9EB00B3C</targetEntity>
<transferable>true</transferable>
<deleteRule>NO ACTION</deleteRule>
</Relation>