<?xml version = '1.0' encoding = 'UTF-8'?>
<Relation class="oracle.dbtools.crest.model.design.logical.Relation" name="added_by" directorySegmentName="seg_0" id="587E7917-D34D-57A3-27C6-E18D71F45DB6">
<createdBy>josef</createdBy>
<createdTime>2016-01-03 14:25:46 UTC</createdTime>
<ownerDesignName>project-model</ownerDesignName>
<engineerTo>
<item key="C9C0D4DF-A02E-E15D-A108-0B3AEBAD2849" value="true"/>
<item key="CBD73B14-8BC9-C53D-BD67-71E011BC86BE" value="true"/>
<item key="E7F332FE-6D79-D304-9878-300705F6C87F" value="true"/>
</engineerTo>
<sourcePk>CE017504-8763-CCE3-D4D9-F152858F3536</sourcePk>
<identifying>false</identifying>
<nameOnSource>added_by</nameOnSource>
<optionalSource>true</optionalSource>
<optionalTarget>false</optionalTarget>
<sourceCardinality>1</sourceCardinality>
<sourceEntity>7FEDF68F-EC68-49D1-23A4-67C29476F161</sourceEntity>
<targetCardinalityString>*</targetCardinalityString>
<targetEntity>166D368F-229B-0C9F-37D6-6ED574378F52</targetEntity>
<transferable>true</transferable>
<deleteRule>NO ACTION</deleteRule>
</Relation>