<?xml version = '1.0' encoding = 'UTF-8'?>
<Relation class="oracle.dbtools.crest.model.design.logical.Relation" name="company_contact_person" directorySegmentName="seg_0" id="7BFBE13B-C6CF-8946-DA44-0C1A941DEBBA">
<createdBy>josef</createdBy>
<createdTime>2015-12-25 12:43:11 UTC</createdTime>
<ownerDesignName>project-model</ownerDesignName>
<engineerTo>
<item key="6AC9900D-9D0B-CB6E-4A51-E0838FCD86DC" value="true"/>
</engineerTo>
<targetPk>D8634BF2-2121-B69E-B754-5A45D2F50773</targetPk>
<dominantRole>B13C462C-6CA7-3D54-155F-3C06D614D340</dominantRole>
<identifying>false</identifying>
<nameOnTarget>is_reprezented_by</nameOnTarget>
<optionalSource>true</optionalSource>
<optionalTarget>false</optionalTarget>
<sourceCardinality>1</sourceCardinality>
<sourceEntity>0E117930-EBEC-BF21-D30E-947E70C541B9</sourceEntity>
<targetCardinalityString>1</targetCardinalityString>
<targetEntity>B13C462C-6CA7-3D54-155F-3C06D614D340</targetEntity>
<transferable>true</transferable>
<deleteRule>NO ACTION</deleteRule>
</Relation>