<?xml version = '1.0' encoding = 'UTF-8'?>
<Relation class="oracle.dbtools.crest.model.design.logical.Relation" name="PROJECT_REALIZATION" directorySegmentName="seg_0" id="9AA69141-F65B-9BEE-23E9-6C488F807B35">
<createdBy>josef</createdBy>
<createdTime>2015-12-25 12:47:21 UTC</createdTime>
<ownerDesignName>project-model</ownerDesignName>
<engineerTo>
<item key="C9C0D4DF-A02E-E15D-A108-0B3AEBAD2849" value="true"/>
</engineerTo>
<identifying>false</identifying>
<nameOnSource>realized_by</nameOnSource>
<optionalSource>false</optionalSource>
<optionalTarget>true</optionalTarget>
<sourceCardinality>*</sourceCardinality>
<sourceEntity>54C19053-5AD2-0DF5-3CD1-C9EC9EB00B3C</sourceEntity>
<targetCardinalityString>*</targetCardinalityString>
<targetEntity>7FEDF68F-EC68-49D1-23A4-67C29476F161</targetEntity>
<transferable>true</transferable>
<deleteRule>NO ACTION</deleteRule>
</Relation>