<?xml version = '1.0' encoding = 'UTF-8'?>
<Relation class="oracle.dbtools.crest.model.design.logical.Relation" name="company_contracts" directorySegmentName="seg_0" id="B5460935-1C26-DA87-2D56-BFA90E22498C">
<createdBy>josef</createdBy>
<createdTime>2015-12-25 12:16:54 UTC</createdTime>
<ownerDesignName>project-model</ownerDesignName>
<engineerTo>
<item key="6AC9900D-9D0B-CB6E-4A51-E0838FCD86DC" value="true"/>
</engineerTo>
<sourcePk>D8634BF2-2121-B69E-B754-5A45D2F50773</sourcePk>
<identifying>false</identifying>
<nameOnSource>inquires</nameOnSource>
<optionalSource>true</optionalSource>
<optionalTarget>false</optionalTarget>
<sourceCardinality>1</sourceCardinality>
<sourceEntity>B13C462C-6CA7-3D54-155F-3C06D614D340</sourceEntity>
<targetCardinalityString>*</targetCardinalityString>
<targetEntity>166D368F-229B-0C9F-37D6-6ED574378F52</targetEntity>
<transferable>true</transferable>
<deleteRule>NO ACTION</deleteRule>
</Relation>