<?xml version = '1.0' encoding = 'UTF-8'?>
<Relation class="oracle.dbtools.crest.model.design.logical.Relation" name="company_address" directorySegmentName="seg_0" id="BB415ACE-A128-B2AC-73F1-CB160DDF6507">
<createdBy>josef</createdBy>
<createdTime>2015-12-25 12:10:51 UTC</createdTime>
<ownerDesignName>project-model</ownerDesignName>
<engineerTo>
<item key="6AC9900D-9D0B-CB6E-4A51-E0838FCD86DC" value="true"/>
</engineerTo>
<sourcePk>D8634BF2-2121-B69E-B754-5A45D2F50773</sourcePk>
<targetPk>C35350FD-67C7-E06D-3E0C-07243A8849BC</targetPk>
<dominantRole>B13C462C-6CA7-3D54-155F-3C06D614D340</dominantRole>
<identifying>false</identifying>
<nameOnSource>is_located_at</nameOnSource>
<optionalSource>true</optionalSource>
<optionalTarget>false</optionalTarget>
<sourceCardinality>1</sourceCardinality>
<sourceEntity>B13C462C-6CA7-3D54-155F-3C06D614D340</sourceEntity>
<targetCardinalityString>1</targetCardinalityString>
<targetEntity>7600FE27-3C0B-60DC-7371-617C6793FFD2</targetEntity>
<transferable>true</transferable>
<deleteRule>NO ACTION</deleteRule>
</Relation>