<?xml version = '1.0' encoding = 'UTF-8'?>
<Relation class="oracle.dbtools.crest.model.design.logical.Relation" name="contract_value" directorySegmentName="seg_0" id="D64D9638-1282-E87D-6084-934A0303B82D">
<createdBy>josef</createdBy>
<createdTime>2015-12-25 12:15:51 UTC</createdTime>
<ownerDesignName>project-model</ownerDesignName>
<engineerTo>
<item key="C9C0D4DF-A02E-E15D-A108-0B3AEBAD2849" value="true"/>
</engineerTo>
<sourcePk>9C3F824E-A8FA-F19F-3502-5C1CD70088B9</sourcePk>
<targetPk>E097AD84-0E76-F729-FD99-CB4D7EAC0C3F</targetPk>
<identifying>false</identifying>
<nameOnSource>valued_as</nameOnSource>
<optionalSource>false</optionalSource>
<optionalTarget>true</optionalTarget>
<sourceCardinality>*</sourceCardinality>
<sourceEntity>166D368F-229B-0C9F-37D6-6ED574378F52</sourceEntity>
<targetCardinalityString>1</targetCardinalityString>
<targetEntity>DBA5E1EE-9C9B-05EF-A23A-392C7E435F51</targetEntity>
<transferable>true</transferable>
<deleteRule>NO ACTION</deleteRule>
</Relation>