<?xml version = '1.0' encoding = 'UTF-8'?>
<FKArc class="oracle.dbtools.crest.model.design.relational.FKArc" directorySegmentName="seg_0" id="866146DC-F437-BA71-9C62-57651B1D725F" name="FKArc_1">
<createdBy>josef</createdBy>
<createdTime>2016-01-03 15:36:57 UTC</createdTime>
<ownerDesignName>project-model</ownerDesignName>
<mandatory>true</mandatory>
<table>DB307940-C17F-A6B0-67D7-3D11A1649D30</table>
<fkeys>
<fkeyID>672C815A-A477-3F29-9A8C-70E1A60DD1E2</fkeyID>
<fkeyID>9DEDFF1B-A137-4621-CA86-09E97420A3DE</fkeyID>
</fkeys>
</FKArc>