<?xml version = '1.0' encoding = 'UTF-8'?>
<Entity class="oracle.dbtools.crest.model.design.logical.Entity" directorySegmentName="seg_0" id="0E117930-EBEC-BF21-D30E-947E70C541B9" name="CONTACT_PERSON">
<createdBy>josef</createdBy>
<createdTime>2015-12-25 12:36:11 UTC</createdTime>
<ownerDesignName>project-model</ownerDesignName>
<engineerTo>
<item key="C9C0D4DF-A02E-E15D-A108-0B3AEBAD2849" value="true"/>
<item key="E7F332FE-6D79-D304-9878-300705F6C87F" value="true"/>
</engineerTo>
<adequatelyNormalized>NO</adequatelyNormalized>
<expectedVolumes>0</expectedVolumes>
<fwdEngineeringStrategyName>Single Table</fwdEngineeringStrategyName>
<growthPercent>0</growthPercent>
<growthType>Year</growthType>
<hierarchicalParent>5DA898F0-8D58-099A-99D9-DDDFCC39A476</hierarchicalParent>
<maxVolumes>9999999</maxVolumes>
<minVolumes>0</minVolumes>
<normalForm>Third</normalForm>
<subtypesRefType>None</subtypesRefType>
<attributes itemClass="oracle.dbtools.crest.model.design.logical.Attribute">
<Attribute name="JOB_TITLE" id="AF387DF1-712D-1086-5ECF-88201C6B9640">
<createdBy>josef</createdBy>
<createdTime>2015-12-25 12:41:57 UTC</createdTime>
<ownerDesignName>project-model</ownerDesignName>
<engineerTo>
<item key="C9C0D4DF-A02E-E15D-A108-0B3AEBAD2849" value="true"/>
<item key="E7F332FE-6D79-D304-9878-300705F6C87F" value="true"/>
</engineerTo>
<useDomainConstraints>false</useDomainConstraints>
<use>1</use>
<logicalDatatype>LOGDT024</logicalDatatype>
<dataTypeSize>50 CHAR</dataTypeSize>
<ownDataTypeParameters>50 CHAR,,</ownDataTypeParameters>
</Attribute>
<Attribute name="COMPANY_ID" id="B370BD0F-CEE2-7AE6-E70C-AAE50D785A17">
<createdBy>josef</createdBy>
<createdTime>2015-12-25 12:44:16 UTC</createdTime>
<generatorID>7BFBE13B-C6CF-8946-DA44-0C1A941DEBBA</generatorID>
<ownerDesignName>project-model</ownerDesignName>
<engineerTo>
<item key="C9C0D4DF-A02E-E15D-A108-0B3AEBAD2849" value="true"/>
<item key="E7F332FE-6D79-D304-9878-300705F6C87F" value="true"/>
</engineerTo>
<nullsAllowed>true</nullsAllowed>
<referedAttribute>793E8DD2-6100-76F4-AAED-76B2F53009F0</referedAttribute>
<useDomainConstraints>false</useDomainConstraints>
<use>1</use>
<logicalDatatype>LOGDT011</logicalDatatype>
<ownDataTypeParameters>,,</ownDataTypeParameters>
</Attribute>
</attributes>
</Entity>