<?xml version = '1.0' encoding = 'UTF-8'?>
<Entity class="oracle.dbtools.crest.model.design.logical.Entity" directorySegmentName="seg_0" id="166D368F-229B-0C9F-37D6-6ED574378F52" name="CONTRACT">
<createdBy>josef</createdBy>
<createdTime>2015-12-25 12:09:27 UTC</createdTime>
<ownerDesignName>project-model</ownerDesignName>
<engineerTo>
<item key="C9C0D4DF-A02E-E15D-A108-0B3AEBAD2849" value="true"/>
<item key="CBD73B14-8BC9-C53D-BD67-71E011BC86BE" value="true"/>
<item key="E7F332FE-6D79-D304-9878-300705F6C87F" value="true"/>
</engineerTo>
<adequatelyNormalized>NO</adequatelyNormalized>
<expectedVolumes>0</expectedVolumes>
<fwdEngineeringStrategyName>Single Table</fwdEngineeringStrategyName>
<growthPercent>0</growthPercent>
<growthType>Year</growthType>
<maxVolumes>9999999</maxVolumes>
<minVolumes>0</minVolumes>
<normalForm>Third</normalForm>
<attributes itemClass="oracle.dbtools.crest.model.design.logical.Attribute">
<Attribute name="CONTRACT_ID" id="DE9CCC68-AA8F-C928-43CB-E152F05D3229">
<createdBy>josef</createdBy>
<createdTime>2015-12-25 12:09:33 UTC</createdTime>
<ownerDesignName>project-model</ownerDesignName>
<engineerTo>
<item key="C9C0D4DF-A02E-E15D-A108-0B3AEBAD2849" value="true"/>
<item key="CBD73B14-8BC9-C53D-BD67-71E011BC86BE" value="true"/>
<item key="E7F332FE-6D79-D304-9878-300705F6C87F" value="true"/>
</engineerTo>
<useDomainConstraints>false</useDomainConstraints>
<use>1</use>
<logicalDatatype>LOGDT011</logicalDatatype>
<ownDataTypeParameters>,,</ownDataTypeParameters>
</Attribute>
<Attribute name="NAME" id="C70D1F22-F818-6F58-5A63-B1F0BCEC5C07">
<createdBy>josef</createdBy>
<createdTime>2015-12-25 12:09:44 UTC</createdTime>
<ownerDesignName>project-model</ownerDesignName>
<engineerTo>
<item key="C9C0D4DF-A02E-E15D-A108-0B3AEBAD2849" value="true"/>
<item key="CBD73B14-8BC9-C53D-BD67-71E011BC86BE" value="true"/>
<item key="E7F332FE-6D79-D304-9878-300705F6C87F" value="true"/>
</engineerTo>
<useDomainConstraints>false</useDomainConstraints>
<use>1</use>
<logicalDatatype>LOGDT025</logicalDatatype>
<dataTypeSize>300 CHAR</dataTypeSize>
<ownDataTypeParameters>300 CHAR,,</ownDataTypeParameters>
</Attribute>
<Attribute name="DESCRIPTION" id="382D921D-09D1-CC7A-CD92-DC44BC26A274">
<createdBy>josef</createdBy>
<createdTime>2015-12-25 12:10:05 UTC</createdTime>
<ownerDesignName>project-model</ownerDesignName>
<engineerTo>
<item key="C9C0D4DF-A02E-E15D-A108-0B3AEBAD2849" value="true"/>
<item key="CBD73B14-8BC9-C53D-BD67-71E011BC86BE" value="true"/>
<item key="E7F332FE-6D79-D304-9878-300705F6C87F" value="true"/>
</engineerTo>
<nullsAllowed>true</nullsAllowed>
<useDomainConstraints>false</useDomainConstraints>
<use>1</use>
<logicalDatatype>LOGDT024</logicalDatatype>
<dataTypeSize>2000 CHAR</dataTypeSize>
<ownDataTypeParameters>2000 CHAR,,</ownDataTypeParameters>
</Attribute>
<Attribute name="DATE_ADDED" id="59F525E6-5C53-B4E8-D6B8-89F4FD5976E0">
<createdBy>josef</createdBy>
<createdTime>2015-12-25 12:10:19 UTC</createdTime>
<ownerDesignName>project-model</ownerDesignName>
<engineerTo>
<item key="C9C0D4DF-A02E-E15D-A108-0B3AEBAD2849" value="true"/>
<item key="CBD73B14-8BC9-C53D-BD67-71E011BC86BE" value="true"/>
<item key="E7F332FE-6D79-D304-9878-300705F6C87F" value="true"/>
</engineerTo>
<useDomainConstraints>false</useDomainConstraints>
<use>1</use>
<logicalDatatype>LOGDT007</logicalDatatype>
<ownDataTypeParameters>,,</ownDataTypeParameters>
</Attribute>
<Attribute name="COMPANY_ID" id="52CE520F-5BC8-5BE5-3EBE-50E674016B6C">
<createdBy>josef</createdBy>
<createdTime>2015-12-25 12:16:54 UTC</createdTime>
<generatorID>B5460935-1C26-DA87-2D56-BFA90E22498C</generatorID>
<ownerDesignName>project-model</ownerDesignName>
<engineerTo>
<item key="C9C0D4DF-A02E-E15D-A108-0B3AEBAD2849" value="true"/>
<item key="CBD73B14-8BC9-C53D-BD67-71E011BC86BE" value="true"/>
<item key="E7F332FE-6D79-D304-9878-300705F6C87F" value="true"/>
</engineerTo>
<referedAttribute>793E8DD2-6100-76F4-AAED-76B2F53009F0</referedAttribute>
<useDomainConstraints>false</useDomainConstraints>
<use>1</use>
<logicalDatatype>LOGDT011</logicalDatatype>
<ownDataTypeParameters>,,</ownDataTypeParameters>
</Attribute>
<Attribute name="FINANCIAL_CATEGORY_ID" id="67BF5906-8C01-00FE-E515-9AFF476EA529">
<createdBy>josef</createdBy>
<createdTime>2015-12-25 23:46:53 UTC</createdTime>
<generatorID>D64D9638-1282-E87D-6084-934A0303B82D</generatorID>
<ownerDesignName>project-model</ownerDesignName>
<engineerTo>
<item key="C9C0D4DF-A02E-E15D-A108-0B3AEBAD2849" value="true"/>
<item key="CBD73B14-8BC9-C53D-BD67-71E011BC86BE" value="true"/>
<item key="E7F332FE-6D79-D304-9878-300705F6C87F" value="true"/>
</engineerTo>
<referedAttribute>6A4F854D-5697-20E1-48D6-D2CE59D1C61D</referedAttribute>
<useDomainConstraints>false</useDomainConstraints>
<use>1</use>
<logicalDatatype>LOGDT011</logicalDatatype>
<ownDataTypeParameters>,,</ownDataTypeParameters>
</Attribute>
<Attribute name="PERSON_ID" id="49299F48-32FD-F1BD-930B-89AAFB895C5C">
<createdBy>josef</createdBy>
<createdTime>2016-01-03 14:25:46 UTC</createdTime>
<generatorID>587E7917-D34D-57A3-27C6-E18D71F45DB6</generatorID>
<ownerDesignName>project-model</ownerDesignName>
<engineerTo>
<item key="C9C0D4DF-A02E-E15D-A108-0B3AEBAD2849" value="true"/>
<item key="CBD73B14-8BC9-C53D-BD67-71E011BC86BE" value="true"/>
<item key="E7F332FE-6D79-D304-9878-300705F6C87F" value="true"/>
</engineerTo>
<referedAttribute>21B5A1C0-0242-9322-530B-5B5FA8ED00E3</referedAttribute>
<useDomainConstraints>false</useDomainConstraints>
<use>1</use>
<logicalDatatype>LOGDT011</logicalDatatype>
<ownDataTypeParameters>,,</ownDataTypeParameters>
</Attribute>
</attributes>
<identifiers itemClass="oracle.dbtools.crest.model.design.logical.CandidateKey">
<identifier id="9C3F824E-A8FA-F19F-3502-5C1CD70088B9" name="CONTRACT PK">
<createdBy>josef</createdBy>
<createdTime>2015-12-25 12:09:42 UTC</createdTime>
<ownerDesignName>project-model</ownerDesignName>
<engineerTo>
<item key="C9C0D4DF-A02E-E15D-A108-0B3AEBAD2849" value="true"/>
<item key="CBD73B14-8BC9-C53D-BD67-71E011BC86BE" value="true"/>
<item key="E7F332FE-6D79-D304-9878-300705F6C87F" value="false"/>
</engineerTo>
<pk>true</pk>
<usedAttributes>
<attributeRef>DE9CCC68-AA8F-C928-43CB-E152F05D3229</attributeRef>
</usedAttributes>
</identifier>
</identifiers>
</Entity>