<?xml version = '1.0' encoding = 'UTF-8'?>
<Entity class="oracle.dbtools.crest.model.design.logical.Entity" directorySegmentName="seg_0" id="5DA898F0-8D58-099A-99D9-DDDFCC39A476" name="PERSON">
<createdBy>josef</createdBy>
<createdTime>2015-12-25 12:22:50 UTC</createdTime>
<ownerDesignName>project-model</ownerDesignName>
<engineerTo>
<item key="C9C0D4DF-A02E-E15D-A108-0B3AEBAD2849" value="true"/>
<item key="CBD73B14-8BC9-C53D-BD67-71E011BC86BE" value="true"/>
<item key="E7F332FE-6D79-D304-9878-300705F6C87F" value="true"/>
</engineerTo>
<adequatelyNormalized>NO</adequatelyNormalized>
<expectedVolumes>0</expectedVolumes>
<fwdEngineeringStrategyName>Single Table</fwdEngineeringStrategyName>
<growthPercent>0</growthPercent>
<growthType>Year</growthType>
<maxVolumes>9999999</maxVolumes>
<minVolumes>0</minVolumes>
<normalForm>Third</normalForm>
<subtypesRefType>Arc implementation</subtypesRefType>
<attributes itemClass="oracle.dbtools.crest.model.design.logical.Attribute">
<Attribute name="PERSON_ID" id="21B5A1C0-0242-9322-530B-5B5FA8ED00E3">
<createdBy>josef</createdBy>
<createdTime>2015-12-25 12:22:58 UTC</createdTime>
<ownerDesignName>project-model</ownerDesignName>
<engineerTo>
<item key="C9C0D4DF-A02E-E15D-A108-0B3AEBAD2849" value="true"/>
<item key="CBD73B14-8BC9-C53D-BD67-71E011BC86BE" value="true"/>
<item key="E7F332FE-6D79-D304-9878-300705F6C87F" value="true"/>
</engineerTo>
<useDomainConstraints>false</useDomainConstraints>
<use>1</use>
<logicalDatatype>LOGDT011</logicalDatatype>
<ownDataTypeParameters>,,</ownDataTypeParameters>
</Attribute>
<Attribute name="LAST_NAME" id="20F3D1F9-BACA-2B8C-FD42-DB43407C5EEF">
<createdBy>josef</createdBy>
<createdTime>2015-12-25 12:23:34 UTC</createdTime>
<ownerDesignName>project-model</ownerDesignName>
<engineerTo>
<item key="C9C0D4DF-A02E-E15D-A108-0B3AEBAD2849" value="true"/>
<item key="CBD73B14-8BC9-C53D-BD67-71E011BC86BE" value="true"/>
<item key="E7F332FE-6D79-D304-9878-300705F6C87F" value="true"/>
</engineerTo>
<useDomainConstraints>false</useDomainConstraints>
<use>1</use>
<logicalDatatype>LOGDT024</logicalDatatype>
<dataTypeSize>50 CHAR</dataTypeSize>
<ownDataTypeParameters>50 CHAR,,</ownDataTypeParameters>
</Attribute>
<Attribute name="FIRST_NAME" id="C7A71E2A-49EC-3FB3-FF25-64B25D2C9C79">
<createdBy>josef</createdBy>
<createdTime>2015-12-25 12:23:12 UTC</createdTime>
<ownerDesignName>project-model</ownerDesignName>
<engineerTo>
<item key="C9C0D4DF-A02E-E15D-A108-0B3AEBAD2849" value="true"/>
<item key="CBD73B14-8BC9-C53D-BD67-71E011BC86BE" value="true"/>
<item key="E7F332FE-6D79-D304-9878-300705F6C87F" value="true"/>
</engineerTo>
<useDomainConstraints>false</useDomainConstraints>
<use>1</use>
<logicalDatatype>LOGDT024</logicalDatatype>
<dataTypeSize>50 CHAR</dataTypeSize>
<ownDataTypeParameters>50 CHAR,,</ownDataTypeParameters>
</Attribute>
<Attribute name="EMAIL" id="DD3660DD-2287-9815-2ECE-B895A128F8EA">
<createdBy>josef</createdBy>
<createdTime>2015-12-25 12:24:19 UTC</createdTime>
<ownerDesignName>project-model</ownerDesignName>
<engineerTo>
<item key="C9C0D4DF-A02E-E15D-A108-0B3AEBAD2849" value="true"/>
<item key="CBD73B14-8BC9-C53D-BD67-71E011BC86BE" value="true"/>
<item key="E7F332FE-6D79-D304-9878-300705F6C87F" value="true"/>
</engineerTo>
<nullsAllowed>true</nullsAllowed>
<useDomainConstraints>false</useDomainConstraints>
<use>1</use>
<logicalDatatype>LOGDT024</logicalDatatype>
<dataTypeSize>50 CHAR</dataTypeSize>
<ownDataTypeParameters>50 CHAR,,</ownDataTypeParameters>
</Attribute>
<Attribute name="PHONE" id="AB41A505-F9F9-0EF1-7578-AF4647A8CE37">
<createdBy>josef</createdBy>
<createdTime>2015-12-25 12:25:05 UTC</createdTime>
<ownerDesignName>project-model</ownerDesignName>
<engineerTo>
<item key="C9C0D4DF-A02E-E15D-A108-0B3AEBAD2849" value="true"/>
<item key="CBD73B14-8BC9-C53D-BD67-71E011BC86BE" value="true"/>
<item key="E7F332FE-6D79-D304-9878-300705F6C87F" value="true"/>
</engineerTo>
<useDomainConstraints>false</useDomainConstraints>
<use>1</use>
<logicalDatatype>LOGDT024</logicalDatatype>
<dataTypeSize>25 CHAR</dataTypeSize>
<ownDataTypeParameters>25 CHAR,,</ownDataTypeParameters>
</Attribute>
</attributes>
<identifiers itemClass="oracle.dbtools.crest.model.design.logical.CandidateKey">
<identifier id="CE017504-8763-CCE3-D4D9-F152858F3536" name="PERSON PK">
<createdBy>josef</createdBy>
<createdTime>2015-12-25 12:23:05 UTC</createdTime>
<ownerDesignName>project-model</ownerDesignName>
<engineerTo>
<item key="C9C0D4DF-A02E-E15D-A108-0B3AEBAD2849" value="true"/>
<item key="CBD73B14-8BC9-C53D-BD67-71E011BC86BE" value="true"/>
<item key="E7F332FE-6D79-D304-9878-300705F6C87F" value="false"/>
</engineerTo>
<pk>true</pk>
<usedAttributes>
<attributeRef>21B5A1C0-0242-9322-530B-5B5FA8ED00E3</attributeRef>
</usedAttributes>
</identifier>
</identifiers>
</Entity>