<?xml version = '1.0' encoding = 'UTF-8'?>
<Entity class="oracle.dbtools.crest.model.design.logical.Entity" directorySegmentName="seg_0" id="7600FE27-3C0B-60DC-7371-617C6793FFD2" name="ADDRESS">
<createdBy>josef</createdBy>
<createdTime>2015-12-25 12:07:28 UTC</createdTime>
<ownerDesignName>project-model</ownerDesignName>
<engineerTo>
<item key="C9C0D4DF-A02E-E15D-A108-0B3AEBAD2849" value="true"/>
<item key="CBD73B14-8BC9-C53D-BD67-71E011BC86BE" value="true"/>
<item key="E7F332FE-6D79-D304-9878-300705F6C87F" value="true"/>
</engineerTo>
<adequatelyNormalized>NO</adequatelyNormalized>
<expectedVolumes>0</expectedVolumes>
<fwdEngineeringStrategyName>Single Table</fwdEngineeringStrategyName>
<growthPercent>0</growthPercent>
<growthType>Year</growthType>
<maxVolumes>9999999</maxVolumes>
<minVolumes>0</minVolumes>
<normalForm>Third</normalForm>
<attributes itemClass="oracle.dbtools.crest.model.design.logical.Attribute">
<Attribute name="ADDRESS_ID" id="5DCE8676-DED2-DB6A-4BD6-FC3EB8E4933A">
<createdBy>josef</createdBy>
<createdTime>2015-12-25 12:07:34 UTC</createdTime>
<ownerDesignName>project-model</ownerDesignName>
<engineerTo>
<item key="C9C0D4DF-A02E-E15D-A108-0B3AEBAD2849" value="true"/>
<item key="CBD73B14-8BC9-C53D-BD67-71E011BC86BE" value="true"/>
<item key="E7F332FE-6D79-D304-9878-300705F6C87F" value="true"/>
</engineerTo>
<useDomainConstraints>false</useDomainConstraints>
<use>1</use>
<logicalDatatype>LOGDT011</logicalDatatype>
<ownDataTypeParameters>,,</ownDataTypeParameters>
</Attribute>
<Attribute name="STATE" id="40420C4B-1E09-00DD-8ACE-E130F50401A8">
<createdBy>josef</createdBy>
<createdTime>2015-12-25 12:07:42 UTC</createdTime>
<ownerDesignName>project-model</ownerDesignName>
<engineerTo>
<item key="C9C0D4DF-A02E-E15D-A108-0B3AEBAD2849" value="true"/>
<item key="CBD73B14-8BC9-C53D-BD67-71E011BC86BE" value="true"/>
<item key="E7F332FE-6D79-D304-9878-300705F6C87F" value="true"/>
</engineerTo>
<useDomainConstraints>false</useDomainConstraints>
<use>1</use>
<logicalDatatype>LOGDT024</logicalDatatype>
<dataTypeSize>50 CHAR</dataTypeSize>
<ownDataTypeParameters>50 CHAR,,</ownDataTypeParameters>
</Attribute>
<Attribute name="CITY" id="A3ECFCF5-DE46-5BF5-E9EA-4A3E09D56ADB">
<createdBy>josef</createdBy>
<createdTime>2015-12-25 12:07:55 UTC</createdTime>
<ownerDesignName>project-model</ownerDesignName>
<engineerTo>
<item key="C9C0D4DF-A02E-E15D-A108-0B3AEBAD2849" value="true"/>
<item key="CBD73B14-8BC9-C53D-BD67-71E011BC86BE" value="true"/>
<item key="E7F332FE-6D79-D304-9878-300705F6C87F" value="true"/>
</engineerTo>
<useDomainConstraints>false</useDomainConstraints>
<use>1</use>
<logicalDatatype>LOGDT024</logicalDatatype>
<dataTypeSize>50 CHAR</dataTypeSize>
<ownDataTypeParameters>50 CHAR,,</ownDataTypeParameters>
</Attribute>
<Attribute name="STREET_ADDRESS_LINE1" id="889603AD-33EB-237E-66A0-D37F39F105D6">
<createdBy>josef</createdBy>
<createdTime>2015-12-25 12:08:08 UTC</createdTime>
<ownerDesignName>project-model</ownerDesignName>
<engineerTo>
<item key="C9C0D4DF-A02E-E15D-A108-0B3AEBAD2849" value="true"/>
<item key="CBD73B14-8BC9-C53D-BD67-71E011BC86BE" value="true"/>
<item key="E7F332FE-6D79-D304-9878-300705F6C87F" value="true"/>
</engineerTo>
<useDomainConstraints>false</useDomainConstraints>
<use>1</use>
<logicalDatatype>LOGDT024</logicalDatatype>
<dataTypeSize>50 CHAR</dataTypeSize>
<ownDataTypeParameters>50 CHAR,,</ownDataTypeParameters>
</Attribute>
<Attribute name="STREET_ADDRESS_LINE2" id="FB421DDE-DAF5-BA09-575F-0321873FD9E3">
<createdBy>josef</createdBy>
<createdTime>2015-12-25 12:08:30 UTC</createdTime>
<ownerDesignName>project-model</ownerDesignName>
<engineerTo>
<item key="C9C0D4DF-A02E-E15D-A108-0B3AEBAD2849" value="true"/>
<item key="CBD73B14-8BC9-C53D-BD67-71E011BC86BE" value="true"/>
<item key="E7F332FE-6D79-D304-9878-300705F6C87F" value="true"/>
</engineerTo>
<nullsAllowed>true</nullsAllowed>
<useDomainConstraints>false</useDomainConstraints>
<use>1</use>
<logicalDatatype>LOGDT024</logicalDatatype>
<dataTypeSize>50 CHAR</dataTypeSize>
<ownDataTypeParameters>50 CHAR,,</ownDataTypeParameters>
</Attribute>
<Attribute name="POSTAL_CODE" id="F424B2C0-2271-D2F7-ACE0-CA095815AD91">
<createdBy>josef</createdBy>
<createdTime>2015-12-25 12:08:49 UTC</createdTime>
<ownerDesignName>project-model</ownerDesignName>
<engineerTo>
<item key="C9C0D4DF-A02E-E15D-A108-0B3AEBAD2849" value="true"/>
<item key="CBD73B14-8BC9-C53D-BD67-71E011BC86BE" value="true"/>
<item key="E7F332FE-6D79-D304-9878-300705F6C87F" value="true"/>
</engineerTo>
<useDomainConstraints>false</useDomainConstraints>
<use>1</use>
<logicalDatatype>LOGDT024</logicalDatatype>
<dataTypeSize>15 CHAR</dataTypeSize>
<ownDataTypeParameters>15 CHAR,,</ownDataTypeParameters>
</Attribute>
<Attribute name="COMPANY_ID" id="67165482-B34E-5115-B6A0-6B9C0DB2EB93">
<createdBy>josef</createdBy>
<createdTime>2015-12-25 12:12:59 UTC</createdTime>
<generatorID>BB415ACE-A128-B2AC-73F1-CB160DDF6507</generatorID>
<ownerDesignName>project-model</ownerDesignName>
<engineerTo>
<item key="C9C0D4DF-A02E-E15D-A108-0B3AEBAD2849" value="true"/>
<item key="CBD73B14-8BC9-C53D-BD67-71E011BC86BE" value="true"/>
<item key="E7F332FE-6D79-D304-9878-300705F6C87F" value="true"/>
</engineerTo>
<referedAttribute>793E8DD2-6100-76F4-AAED-76B2F53009F0</referedAttribute>
<useDomainConstraints>false</useDomainConstraints>
<use>1</use>
<logicalDatatype>LOGDT011</logicalDatatype>
<ownDataTypeParameters>,,</ownDataTypeParameters>
</Attribute>
</attributes>
<identifiers itemClass="oracle.dbtools.crest.model.design.logical.CandidateKey">
<identifier id="C35350FD-67C7-E06D-3E0C-07243A8849BC" name="ADDRESS PK">
<createdBy>josef</createdBy>
<createdTime>2015-12-25 12:07:40 UTC</createdTime>
<ownerDesignName>project-model</ownerDesignName>
<engineerTo>
<item key="C9C0D4DF-A02E-E15D-A108-0B3AEBAD2849" value="true"/>
<item key="CBD73B14-8BC9-C53D-BD67-71E011BC86BE" value="true"/>
<item key="E7F332FE-6D79-D304-9878-300705F6C87F" value="false"/>
</engineerTo>
<pk>true</pk>
<usedAttributes>
<attributeRef>5DCE8676-DED2-DB6A-4BD6-FC3EB8E4933A</attributeRef>
</usedAttributes>
</identifier>
</identifiers>
</Entity>