<?xml version = '1.0' encoding = 'UTF-8'?>
<Entity class="oracle.dbtools.crest.model.design.logical.Entity" directorySegmentName="seg_0" id="DBA5E1EE-9C9B-05EF-A23A-392C7E435F51" name="FINANCIAL_CATEGORY">
<createdBy>josef</createdBy>
<createdTime>2015-12-25 12:13:45 UTC</createdTime>
<ownerDesignName>project-model</ownerDesignName>
<engineerTo>
<item key="C9C0D4DF-A02E-E15D-A108-0B3AEBAD2849" value="true"/>
<item key="CBD73B14-8BC9-C53D-BD67-71E011BC86BE" value="true"/>
<item key="E7F332FE-6D79-D304-9878-300705F6C87F" value="true"/>
</engineerTo>
<adequatelyNormalized>NO</adequatelyNormalized>
<expectedVolumes>0</expectedVolumes>
<fwdEngineeringStrategyName>Single Table</fwdEngineeringStrategyName>
<growthPercent>0</growthPercent>
<growthType>Year</growthType>
<maxVolumes>9999999</maxVolumes>
<minVolumes>0</minVolumes>
<normalForm>Third</normalForm>
<attributes itemClass="oracle.dbtools.crest.model.design.logical.Attribute">
<Attribute name="FINANCIAL_CATEGORY_ID" id="6A4F854D-5697-20E1-48D6-D2CE59D1C61D">
<createdBy>josef</createdBy>
<createdTime>2015-12-25 12:13:58 UTC</createdTime>
<ownerDesignName>project-model</ownerDesignName>
<engineerTo>
<item key="C9C0D4DF-A02E-E15D-A108-0B3AEBAD2849" value="true"/>
<item key="CBD73B14-8BC9-C53D-BD67-71E011BC86BE" value="true"/>
<item key="E7F332FE-6D79-D304-9878-300705F6C87F" value="true"/>
</engineerTo>
<useDomainConstraints>false</useDomainConstraints>
<use>1</use>
<logicalDatatype>LOGDT011</logicalDatatype>
<ownDataTypeParameters>,,</ownDataTypeParameters>
</Attribute>
<Attribute name="LABEL" id="7A949289-7C37-1066-9612-16C108A47D12">
<createdBy>josef</createdBy>
<createdTime>2015-12-25 12:14:19 UTC</createdTime>
<ownerDesignName>project-model</ownerDesignName>
<engineerTo>
<item key="C9C0D4DF-A02E-E15D-A108-0B3AEBAD2849" value="true"/>
<item key="CBD73B14-8BC9-C53D-BD67-71E011BC86BE" value="true"/>
<item key="E7F332FE-6D79-D304-9878-300705F6C87F" value="true"/>
</engineerTo>
<useDomainConstraints>false</useDomainConstraints>
<use>1</use>
<logicalDatatype>LOGDT024</logicalDatatype>
<dataTypeSize>50 CHAR</dataTypeSize>
<ownDataTypeParameters>50 CHAR,,</ownDataTypeParameters>
</Attribute>
</attributes>
<identifiers itemClass="oracle.dbtools.crest.model.design.logical.CandidateKey">
<identifier id="E097AD84-0E76-F729-FD99-CB4D7EAC0C3F" name="FINANCIAL_CATEGORY PK">
<createdBy>josef</createdBy>
<createdTime>2015-12-25 12:14:18 UTC</createdTime>
<ownerDesignName>project-model</ownerDesignName>
<engineerTo>
<item key="C9C0D4DF-A02E-E15D-A108-0B3AEBAD2849" value="true"/>
<item key="CBD73B14-8BC9-C53D-BD67-71E011BC86BE" value="true"/>
<item key="E7F332FE-6D79-D304-9878-300705F6C87F" value="false"/>
</engineerTo>
<pk>true</pk>
<usedAttributes>
<attributeRef>6A4F854D-5697-20E1-48D6-D2CE59D1C61D</attributeRef>
</usedAttributes>
</identifier>
</identifiers>
</Entity>