<?xml version = '1.0' encoding = 'UTF-8'?>
<Entity class="oracle.dbtools.crest.model.design.logical.Entity" directorySegmentName="seg_0" id="F273A54D-0FFA-3589-D1B0-08C0D27E575F" name="TECHNOLOGY">
<createdBy>josef</createdBy>
<createdTime>2015-12-25 12:14:49 UTC</createdTime>
<ownerDesignName>project-model</ownerDesignName>
<engineerTo>
<item key="C9C0D4DF-A02E-E15D-A108-0B3AEBAD2849" value="true"/>
<item key="CBD73B14-8BC9-C53D-BD67-71E011BC86BE" value="true"/>
<item key="E7F332FE-6D79-D304-9878-300705F6C87F" value="true"/>
</engineerTo>
<adequatelyNormalized>NO</adequatelyNormalized>
<expectedVolumes>0</expectedVolumes>
<fwdEngineeringStrategyName>Single Table</fwdEngineeringStrategyName>
<growthPercent>0</growthPercent>
<growthType>Year</growthType>
<maxVolumes>9999999</maxVolumes>
<minVolumes>0</minVolumes>
<normalForm>Third</normalForm>
<attributes itemClass="oracle.dbtools.crest.model.design.logical.Attribute">
<Attribute name="TECHNOLOGY_ID" id="BB407667-5C60-8C58-0415-EE20BBB33E75">
<createdBy>josef</createdBy>
<createdTime>2015-12-25 12:14:59 UTC</createdTime>
<ownerDesignName>project-model</ownerDesignName>
<engineerTo>
<item key="C9C0D4DF-A02E-E15D-A108-0B3AEBAD2849" value="true"/>
<item key="CBD73B14-8BC9-C53D-BD67-71E011BC86BE" value="true"/>
<item key="E7F332FE-6D79-D304-9878-300705F6C87F" value="true"/>
</engineerTo>
<useDomainConstraints>false</useDomainConstraints>
<use>1</use>
<logicalDatatype>LOGDT011</logicalDatatype>
<ownDataTypeParameters>,,</ownDataTypeParameters>
</Attribute>
<Attribute name="LABEL" id="6BC0BE07-BDD2-9A22-7741-E263699E1CA4">
<createdBy>josef</createdBy>
<createdTime>2015-12-25 12:15:10 UTC</createdTime>
<ownerDesignName>project-model</ownerDesignName>
<engineerTo>
<item key="C9C0D4DF-A02E-E15D-A108-0B3AEBAD2849" value="true"/>
<item key="CBD73B14-8BC9-C53D-BD67-71E011BC86BE" value="true"/>
<item key="E7F332FE-6D79-D304-9878-300705F6C87F" value="true"/>
</engineerTo>
<useDomainConstraints>false</useDomainConstraints>
<use>1</use>
<logicalDatatype>LOGDT024</logicalDatatype>
<dataTypeSize>50 CHAR</dataTypeSize>
<ownDataTypeParameters>50 CHAR,,</ownDataTypeParameters>
</Attribute>
</attributes>
<identifiers itemClass="oracle.dbtools.crest.model.design.logical.CandidateKey">
<identifier id="A81D7488-24A9-F828-AD36-32E3DBF2B3F6" name="TECHNOLOGY PK">
<createdBy>josef</createdBy>
<createdTime>2015-12-25 12:15:09 UTC</createdTime>
<ownerDesignName>project-model</ownerDesignName>
<engineerTo>
<item key="C9C0D4DF-A02E-E15D-A108-0B3AEBAD2849" value="true"/>
<item key="CBD73B14-8BC9-C53D-BD67-71E011BC86BE" value="true"/>
<item key="E7F332FE-6D79-D304-9878-300705F6C87F" value="false"/>
</engineerTo>
<pk>true</pk>
<usedAttributes>
<attributeRef>BB407667-5C60-8C58-0415-EE20BBB33E75</attributeRef>
</usedAttributes>
</identifier>
</identifiers>
</Entity>