<?xml version = '1.0' encoding = 'UTF-8'?>
<Diagram class="oracle.dbtools.crest.swingui.relational.DPVRelational" name="Relational_3" id="947502E9-7B10-3B0F-65F4-4E81966C27E8">
<createdBy>josef</createdBy>
<modifiedBy>josef</modifiedBy>
<createdTime>2016-01-03 15:36:45 UTC</createdTime>
<autoRoute>false</autoRoute>
<boxInbox>true</boxInbox>
<showLegend>false</showLegend>
<showLabels>false</showLabels>
<showRelAttributes>false</showRelAttributes>
<gridEnabled>false</gridEnabled>
<showGrid>false</showGrid>
<diagramColor>-1</diagramColor>
<display>false</display>
<notation>1</notation>
<objectViews>
<OView class="oracle.dbtools.crest.swingui.relational.TVTable" oid="057AF8E4-23FB-518B-9F39-2A654CC9F001" otype="Table" vid="88DA68AA-1EFF-3B06-C005-A79D70A90811">
<hideElementsInCurrentOnly>false</hideElementsInCurrentOnly>
<bounds x="459" y="59" width="377" height="179"/>
</OView>
<OView class="oracle.dbtools.crest.swingui.relational.TVTable" oid="08A86CB8-E449-786F-08FB-85D47AED2DB7" otype="Table" vid="39B5FA24-C8A0-801A-330C-F95D6D1D990F">
<hideElementsInCurrentOnly>false</hideElementsInCurrentOnly>
<bounds x="385" y="281" width="342" height="102"/>
</OView>
<OView class="oracle.dbtools.crest.swingui.relational.TVTable" oid="0E5EADCF-DF4E-C1CA-4196-5EEBA6644C6C" otype="Table" vid="4AC19D3A-160C-AED5-075E-410E9DA2411F">
<hideElementsInCurrentOnly>false</hideElementsInCurrentOnly>
<bounds x="665" y="608" width="285" height="122"/>
</OView>
<OView class="oracle.dbtools.crest.swingui.relational.TVTable" oid="13C6DA64-1C8F-9805-A1E3-BF61F5487CA3" otype="Table" vid="7147D050-02C5-0647-7DDC-96A1092629CA">
<hideElementsInCurrentOnly>false</hideElementsInCurrentOnly>
<bounds x="279" y="409" width="217" height="89"/>
</OView>
<OView class="oracle.dbtools.crest.swingui.relational.TVTable" oid="21EFB094-4177-C6F9-16E6-F06A8EFA9139" otype="Table" vid="499705C3-61FF-6DBD-5038-46623D95E8C0">
<hideElementsInCurrentOnly>false</hideElementsInCurrentOnly>
<bounds x="566" y="399" width="317" height="74"/>
</OView>
<OView class="oracle.dbtools.crest.swingui.relational.TVTable" oid="5818EF81-1E58-AAC6-644E-6133218A3D05" otype="Table" vid="F1A97859-FD30-EAED-C796-BCE64787E002">
<hideElementsInCurrentOnly>false</hideElementsInCurrentOnly>
<bounds x="939" y="53" width="239" height="174"/>
</OView>
<OView class="oracle.dbtools.crest.swingui.relational.TVTable" oid="61042DAF-6187-8451-0753-EC14FD645EE2" otype="Table" vid="FA6374BF-E9FB-F9AA-4797-218E3BAFFAA0">
<hideElementsInCurrentOnly>false</hideElementsInCurrentOnly>
<bounds x="1258" y="188" width="363" height="118"/>
</OView>
<OView class="oracle.dbtools.crest.swingui.relational.TVTable" oid="8536E0E7-6CE6-3D80-9F1B-95CD9ACBD8AD" otype="Table" vid="E659312C-9276-DEFC-2461-7437A5A79644">
<hideElementsInCurrentOnly>false</hideElementsInCurrentOnly>
<bounds x="1169" y="629" width="281" height="71"/>
</OView>
<OView class="oracle.dbtools.crest.swingui.relational.TVTable" oid="B96BA1FB-6782-65A1-1802-E16D2CED633F" otype="Table" vid="74BED2A5-BCE6-8F56-0F4E-4C2740C0FB39">
<hideElementsInCurrentOnly>false</hideElementsInCurrentOnly>
<bounds x="494" y="520" width="256" height="70"/>
</OView>
<OView class="oracle.dbtools.crest.swingui.relational.TVTable" oid="D211B4CD-22A0-9271-3D7F-2CE85D84CE50" otype="Table" vid="E37614FB-0136-F708-84F0-515FF103DDD2">
<hideElementsInCurrentOnly>false</hideElementsInCurrentOnly>
<bounds x="31" y="52" width="295" height="176"/>
</OView>
<OView class="oracle.dbtools.crest.swingui.relational.TVTable" oid="DB307940-C17F-A6B0-67D7-3D11A1649D30" otype="Table" vid="BAF2F648-8F51-DD00-8197-DBE268DAC624">
<hideElementsInCurrentOnly>false</hideElementsInCurrentOnly>
<bounds x="930" y="347" width="312" height="201"/>
</OView>
</objectViews>
<connectors>
<Connector class="oracle.dbtools.crest.swingui.relational.TVFKRelation" oid="3E85FE6A-423D-58F7-EA62-240E05E43F53" otype="FKIndexAssociation" vid_source="E659312C-9276-DEFC-2461-7437A5A79644" vid_target="F1A97859-FD30-EAED-C796-BCE64787E002">
<hideElementsInCurrentOnly>false</hideElementsInCurrentOnly>
<lineWidth>1</lineWidth>
<points>
<point x="1320" y="629"/>
<point x="1320" y="312"/>
<point x="1030" y="312"/>
<point x="1030" y="227"/>
</points>
</Connector>
<Connector class="oracle.dbtools.crest.swingui.relational.TVFKRelation" oid="672C815A-A477-3F29-9A8C-70E1A60DD1E2" otype="FKIndexAssociation" vid_source="E659312C-9276-DEFC-2461-7437A5A79644" vid_target="BAF2F648-8F51-DD00-8197-DBE268DAC624">
<hideElementsInCurrentOnly>false</hideElementsInCurrentOnly>
<lineWidth>1</lineWidth>
<points>
<point x="1205" y="629"/>
<point x="1205" y="548"/>
</points>
</Connector>
<Connector class="oracle.dbtools.crest.swingui.relational.TVFKRelation" oid="6ADF9A60-7D57-3054-C8AE-01333C8DDE90" otype="FKIndexAssociation" vid_source="499705C3-61FF-6DBD-5038-46623D95E8C0" vid_target="88DA68AA-1EFF-3B06-C005-A79D70A90811">
<hideElementsInCurrentOnly>false</hideElementsInCurrentOnly>
<lineWidth>1</lineWidth>
<points>
<point x="770" y="399"/>
<point x="771" y="238"/>
</points>
</Connector>
<Connector class="oracle.dbtools.crest.swingui.relational.TVFKRelation" oid="7DEB56AC-2551-0192-2A83-28BAE50004B9" otype="FKIndexAssociation" vid_source="7147D050-02C5-0647-7DDC-96A1092629CA" vid_target="E37614FB-0136-F708-84F0-515FF103DDD2">
<hideElementsInCurrentOnly>false</hideElementsInCurrentOnly>
<lineWidth>1</lineWidth>
<points>
<point x="353" y="409"/>
<point x="353" y="138"/>
<point x="326" y="138"/>
</points>
</Connector>
<Connector class="oracle.dbtools.crest.swingui.relational.TVFKRelation" oid="9DEDFF1B-A137-4621-CA86-09E97420A3DE" otype="FKIndexAssociation" vid_source="4AC19D3A-160C-AED5-075E-410E9DA2411F" vid_target="BAF2F648-8F51-DD00-8197-DBE268DAC624">
<hideElementsInCurrentOnly>false</hideElementsInCurrentOnly>
<lineWidth>1</lineWidth>
<points>
<point x="805" y="608"/>
<point x="805" y="499"/>
<point x="930" y="499"/>
</points>
</Connector>
<Connector class="oracle.dbtools.crest.swingui.relational.TVFKRelation" oid="9F4DD259-E7B9-E198-93A4-B042D7EE04AD" otype="FKIndexAssociation" vid_source="88DA68AA-1EFF-3B06-C005-A79D70A90811" vid_target="F1A97859-FD30-EAED-C796-BCE64787E002">
<hideElementsInCurrentOnly>false</hideElementsInCurrentOnly>
<lineWidth>1</lineWidth>
<points>
<point x="836" y="161"/>
<point x="939" y="161"/>
</points>
</Connector>
<Connector class="oracle.dbtools.crest.swingui.relational.TVFKRelation" oid="B1E5BCAD-CA93-28D4-B7DD-5A5BBE47C520" otype="FKIndexAssociation" vid_source="7147D050-02C5-0647-7DDC-96A1092629CA" vid_target="88DA68AA-1EFF-3B06-C005-A79D70A90811">
<hideElementsInCurrentOnly>false</hideElementsInCurrentOnly>
<lineWidth>1</lineWidth>
<points>
<point x="375" y="409"/>
<point x="375" y="171"/>
<point x="459" y="171"/>
</points>
</Connector>
<Connector class="oracle.dbtools.crest.swingui.relational.TVFKRelation" oid="C7EE5CF9-F526-743C-EFDF-1754D1528F87" otype="FKIndexAssociation" vid_source="E659312C-9276-DEFC-2461-7437A5A79644" vid_target="FA6374BF-E9FB-F9AA-4797-218E3BAFFAA0">
<hideElementsInCurrentOnly>false</hideElementsInCurrentOnly>
<lineWidth>1</lineWidth>
<points>
<point x="1354" y="629"/>
<point x="1354" y="306"/>
</points>
</Connector>
<Connector class="oracle.dbtools.crest.swingui.relational.TVFKRelation" oid="CF3709D9-E1F9-9BF5-8E74-145187075B6E" otype="FKIndexAssociation" vid_source="7147D050-02C5-0647-7DDC-96A1092629CA" vid_target="4AC19D3A-160C-AED5-075E-410E9DA2411F">
<hideElementsInCurrentOnly>false</hideElementsInCurrentOnly>
<lineWidth>1</lineWidth>
<points>
<point x="397" y="498"/>
<point x="397" y="647"/>
<point x="665" y="647"/>
</points>
</Connector>
<Connector class="oracle.dbtools.crest.swingui.relational.TVFKRelation" oid="D1BC6250-B44F-16E4-4655-ECD27F1342EB" otype="FKIndexAssociation" vid_source="74BED2A5-BCE6-8F56-0F4E-4C2740C0FB39" vid_target="39B5FA24-C8A0-801A-330C-F95D6D1D990F">
<hideElementsInCurrentOnly>false</hideElementsInCurrentOnly>
<lineWidth>1</lineWidth>
<points>
<point x="536" y="520"/>
<point x="535" y="383"/>
</points>
</Connector>
<Connector class="oracle.dbtools.crest.swingui.relational.TVFKRelation" oid="DFE2F1FE-0AB7-6096-6EEA-6D821CEE78AB" otype="FKIndexAssociation" vid_source="E659312C-9276-DEFC-2461-7437A5A79644" vid_target="88DA68AA-1EFF-3B06-C005-A79D70A90811">
<hideElementsInCurrentOnly>false</hideElementsInCurrentOnly>
<lineWidth>1</lineWidth>
<points>
<point x="1269" y="629"/>
<point x="1269" y="324"/>
<point x="812" y="324"/>
<point x="812" y="238"/>
</points>
</Connector>
<Connector class="oracle.dbtools.crest.swingui.relational.TVFKRelation" oid="F5066B35-D43B-A86D-D306-E9144F22BCB8" otype="FKIndexAssociation" vid_source="F1A97859-FD30-EAED-C796-BCE64787E002" vid_target="FA6374BF-E9FB-F9AA-4797-218E3BAFFAA0">
<hideElementsInCurrentOnly>false</hideElementsInCurrentOnly>
<lineWidth>1</lineWidth>
<points>
<point x="1178" y="137"/>
<point x="1314" y="137"/>
<point x="1314" y="188"/>
</points>
</Connector>
<Connector class="oracle.dbtools.crest.swingui.relational.TVFKRelation" oid="FACC6CFB-7E98-4142-8E8B-FF6BE5C12BA6" otype="FKIndexAssociation" vid_source="88DA68AA-1EFF-3B06-C005-A79D70A90811" vid_target="39B5FA24-C8A0-801A-330C-F95D6D1D990F">
<hideElementsInCurrentOnly>false</hideElementsInCurrentOnly>
<lineWidth>1</lineWidth>
<points>
<point x="593" y="238"/>
<point x="593" y="281"/>
</points>
</Connector>
</connectors>
<arcs>
<Arc class="oracle.dbtools.crest.swingui.relational.TVFKArc" oid="866146DC-F437-BA71-9C62-57651B1D725F" otype="FKArc" vid="3CC320AA-30FF-EE15-5B3C-97A09A956A34">
<hideElementsInCurrentOnly>false</hideElementsInCurrentOnly>
<bounds x="910" y="327" width="352" height="241"/>
</Arc>
</arcs>
</Diagram>