<?xml version = '1.0' encoding = 'UTF-8'?>
<Table class="oracle.dbtools.crest.model.design.relational.Table" directorySegmentName="seg_0" id="057AF8E4-23FB-518B-9F39-2A654CC9F001" name="CONTRACT">
<createdBy>josef</createdBy>
<createdTime>2016-01-03 15:36:57 UTC</createdTime>
<generatorID>166D368F-229B-0C9F-37D6-6ED574378F52</generatorID>
<ownerDesignName>project-model</ownerDesignName>
<allowColumnReorder>false</allowColumnReorder>
<existDependencyGenerateInDDl>true</existDependencyGenerateInDDl>
<parsed>true</parsed>
<columns itemClass="oracle.dbtools.crest.model.design.relational.Column">
<Column name="CONTRACT_ID" id="A020B1B2-B368-EC47-785E-01B4AC26036A">
<createdBy>josef</createdBy>
<createdTime>2016-01-03 15:36:57 UTC</createdTime>
<generatorID>DE9CCC68-AA8F-C928-43CB-E152F05D3229</generatorID>
<ownerDesignName>project-model</ownerDesignName>
<useDomainConstraints>false</useDomainConstraints>
<use>1</use>
<logicalDatatype>LOGDT011</logicalDatatype>
<ownDataTypeParameters>,,</ownDataTypeParameters>
<autoIncrementCycle>false</autoIncrementCycle>
</Column>
<Column name="NAME" id="EA46839B-0111-83D9-E86E-911C048DC70B">
<createdBy>josef</createdBy>
<createdTime>2016-01-03 15:36:57 UTC</createdTime>
<generatorID>C70D1F22-F818-6F58-5A63-B1F0BCEC5C07</generatorID>
<ownerDesignName>project-model</ownerDesignName>
<useDomainConstraints>false</useDomainConstraints>
<use>1</use>
<logicalDatatype>LOGDT025</logicalDatatype>
<dataTypeSize>300 CHAR</dataTypeSize>
<ownDataTypeParameters>300 CHAR,,</ownDataTypeParameters>
<autoIncrementCycle>false</autoIncrementCycle>
</Column>
<Column name="DESCRIPTION" id="B399847C-29AB-56B1-E5E3-7D6E138E3DCB">
<createdBy>josef</createdBy>
<createdTime>2016-01-03 15:36:57 UTC</createdTime>
<generatorID>382D921D-09D1-CC7A-CD92-DC44BC26A274</generatorID>
<ownerDesignName>project-model</ownerDesignName>
<nullsAllowed>true</nullsAllowed>
<useDomainConstraints>false</useDomainConstraints>
<use>1</use>
<logicalDatatype>LOGDT024</logicalDatatype>
<dataTypeSize>2000 CHAR</dataTypeSize>
<ownDataTypeParameters>2000 CHAR,,</ownDataTypeParameters>
<autoIncrementCycle>false</autoIncrementCycle>
</Column>
<Column name="DATE_ADDED" id="5071C643-AFCE-F7A9-5871-0FA4B4579F9A">
<createdBy>josef</createdBy>
<createdTime>2016-01-03 15:36:57 UTC</createdTime>
<generatorID>59F525E6-5C53-B4E8-D6B8-89F4FD5976E0</generatorID>
<ownerDesignName>project-model</ownerDesignName>
<useDomainConstraints>false</useDomainConstraints>
<use>1</use>
<logicalDatatype>LOGDT007</logicalDatatype>
<ownDataTypeParameters>,,</ownDataTypeParameters>
<autoIncrementCycle>false</autoIncrementCycle>
</Column>
<Column name="COMPANY_ID" id="20C3A044-A5F4-8B39-53B0-4C19268D8219">
<createdBy>josef</createdBy>
<createdTime>2016-01-03 15:36:57 UTC</createdTime>
<generatorID>52CE520F-5BC8-5BE5-3EBE-50E674016B6C</generatorID>
<ownerDesignName>project-model</ownerDesignName>
<useDomainConstraints>false</useDomainConstraints>
<use>1</use>
<logicalDatatype>LOGDT011</logicalDatatype>
<ownDataTypeParameters>,,</ownDataTypeParameters>
<previousColumn>false</previousColumn>
<autoIncrementCycle>false</autoIncrementCycle>
<associations>
<colAssociation fkAssociation="B1E5BCAD-CA93-28D4-B7DD-5A5BBE47C520" referredColumn="A2490389-F463-DB46-A6B8-4DCBBF08830B"/>
</associations>
</Column>
<Column name="FINANCIAL_CATEGORY_ID" id="AB1D5406-AC55-87B1-0FC7-CC842D3DD29D">
<createdBy>josef</createdBy>
<createdTime>2016-01-03 15:36:57 UTC</createdTime>
<generatorID>67BF5906-8C01-00FE-E515-9AFF476EA529</generatorID>
<ownerDesignName>project-model</ownerDesignName>
<useDomainConstraints>false</useDomainConstraints>
<use>1</use>
<logicalDatatype>LOGDT011</logicalDatatype>
<ownDataTypeParameters>,,</ownDataTypeParameters>
<previousColumn>false</previousColumn>
<autoIncrementCycle>false</autoIncrementCycle>
<associations>
<colAssociation fkAssociation="6ADF9A60-7D57-3054-C8AE-01333C8DDE90" referredColumn="00D0035E-D017-F31B-392D-4FC981E62123"/>
</associations>
</Column>
<Column name="EMPLOYEE_ID" id="ECB370FF-B70E-D87A-6042-8B7FC579E2F0">
<createdBy>josef</createdBy>
<createdTime>2016-01-03 15:36:57 UTC</createdTime>
<generatorID>49299F48-32FD-F1BD-930B-89AAFB895C5C</generatorID>
<ownerDesignName>project-model</ownerDesignName>
<useDomainConstraints>false</useDomainConstraints>
<use>1</use>
<logicalDatatype>LOGDT011</logicalDatatype>
<ownDataTypeParameters>,,</ownDataTypeParameters>
<previousColumn>false</previousColumn>
<autoIncrementCycle>false</autoIncrementCycle>
<associations>
<colAssociation fkAssociation="DFE2F1FE-0AB7-6096-6EEA-6D821CEE78AB" referredColumn="38B88163-0554-E399-9617-3B251D93CC64"/>
</associations>
</Column>
</columns>
<indexes itemClass="oracle.dbtools.crest.model.design.relational.Index">
<ind_PK_UK id="8E4E32DA-495D-E4ED-BF19-799E5670C1C8" name="CONTRACT_PK">
<createdBy>josef</createdBy>
<createdTime>2016-01-03 15:36:57 UTC</createdTime>
<generatorID>9C3F824E-A8FA-F19F-3502-5C1CD70088B9</generatorID>
<ownerDesignName>project-model</ownerDesignName>
<pk>true</pk>
<indexState>Primary Constraint</indexState>
<isSurrogateKey>false</isSurrogateKey>
<indexColumnUsage>
<colUsage columnID="A020B1B2-B368-EC47-785E-01B4AC26036A"/>
</indexColumnUsage>
</ind_PK_UK>
<ind_PK_UK id="2B117E30-3EC4-4A0B-DC0E-5403D48F0307" name="CONTRACT_EMPLOYEE_FK">
<createdBy>josef</createdBy>
<createdTime>2016-01-03 15:36:57 UTC</createdTime>
<generatorID>587E7917-D34D-57A3-27C6-E18D71F45DB6</generatorID>
<ownerDesignName>project-model</ownerDesignName>
<indexState>Foreign Key</indexState>
<isSurrogateKey>false</isSurrogateKey>
<indexColumnUsage>
<colUsage columnID="ECB370FF-B70E-D87A-6042-8B7FC579E2F0"/>
</indexColumnUsage>
</ind_PK_UK>
<ind_PK_UK id="034FC6F7-7388-A895-19B6-0C1E43095457" name="CONTRACT_COMPANY_FK">
<createdBy>josef</createdBy>
<createdTime>2016-01-03 15:36:57 UTC</createdTime>
<generatorID>B5460935-1C26-DA87-2D56-BFA90E22498C</generatorID>
<ownerDesignName>project-model</ownerDesignName>
<indexState>Foreign Key</indexState>
<isSurrogateKey>false</isSurrogateKey>
<indexColumnUsage>
<colUsage columnID="20C3A044-A5F4-8B39-53B0-4C19268D8219"/>
</indexColumnUsage>
</ind_PK_UK>
<ind_PK_UK id="ACEFAF25-5D14-2ACF-5B4B-1FB3E6827A99" name="CONTRACT_FINANCIAL_CATEGORY_FK">
<createdBy>josef</createdBy>
<createdTime>2016-01-03 15:36:57 UTC</createdTime>
<generatorID>D64D9638-1282-E87D-6084-934A0303B82D</generatorID>
<ownerDesignName>project-model</ownerDesignName>
<indexState>Foreign Key</indexState>
<isSurrogateKey>false</isSurrogateKey>
<indexColumnUsage>
<colUsage columnID="AB1D5406-AC55-87B1-0FC7-CC842D3DD29D"/>
</indexColumnUsage>
</ind_PK_UK>
</indexes>
</Table>