<?xml version = '1.0' encoding = 'UTF-8'?>
<Table class="oracle.dbtools.crest.model.design.relational.Table" directorySegmentName="seg_0" id="08A86CB8-E449-786F-08FB-85D47AED2DB7" name="USED_TECHNOLOGIES">
<createdBy>josef</createdBy>
<createdTime>2016-01-03 15:36:57 UTC</createdTime>
<ownerDesignName>project-model</ownerDesignName>
<allowColumnReorder>false</allowColumnReorder>
<existDependencyGenerateInDDl>true</existDependencyGenerateInDDl>
<parsed>true</parsed>
<columns itemClass="oracle.dbtools.crest.model.design.relational.Column">
<Column name="CONTRACT_ID" id="AEC1F85C-689B-7D49-F02B-21C3FD322EBB">
<createdBy>josef</createdBy>
<createdTime>2016-01-03 15:36:57 UTC</createdTime>
<ownerDesignName>project-model</ownerDesignName>
<useDomainConstraints>false</useDomainConstraints>
<use>1</use>
<logicalDatatype>LOGDT011</logicalDatatype>
<ownDataTypeParameters>,,</ownDataTypeParameters>
<previousColumn>false</previousColumn>
<autoIncrementCycle>false</autoIncrementCycle>
<associations>
<colAssociation fkAssociation="FACC6CFB-7E98-4142-8E8B-FF6BE5C12BA6" referredColumn="A020B1B2-B368-EC47-785E-01B4AC26036A"/>
</associations>
</Column>
<Column name="TECHNOLOGY_ID" id="B6F78F71-8D23-0071-D67E-152B9437B92E">
<createdBy>josef</createdBy>
<createdTime>2016-01-03 15:36:57 UTC</createdTime>
<ownerDesignName>project-model</ownerDesignName>
<useDomainConstraints>false</useDomainConstraints>
<use>1</use>
<logicalDatatype>LOGDT011</logicalDatatype>
<ownDataTypeParameters>,,</ownDataTypeParameters>
<previousColumn>false</previousColumn>
<autoIncrementCycle>false</autoIncrementCycle>
<associations>
<colAssociation fkAssociation="D1BC6250-B44F-16E4-4655-ECD27F1342EB" referredColumn="5F16B747-54EF-BF87-EB90-46051B78D730"/>
</associations>
</Column>
</columns>
<indexes itemClass="oracle.dbtools.crest.model.design.relational.Index">
<ind_PK_UK id="1DEBFEA4-7720-0703-DA00-814F992A64E9" name="USED_TECHNOLOGIES_PK">
<createdBy>josef</createdBy>
<createdTime>2016-01-03 15:36:57 UTC</createdTime>
<ownerDesignName>project-model</ownerDesignName>
<pk>true</pk>
<indexState>Primary Constraint</indexState>
<isSurrogateKey>false</isSurrogateKey>
<indexColumnUsage>
<colUsage columnID="AEC1F85C-689B-7D49-F02B-21C3FD322EBB"/>
<colUsage columnID="B6F78F71-8D23-0071-D67E-152B9437B92E"/>
</indexColumnUsage>
</ind_PK_UK>
<ind_PK_UK id="F1C04ACD-12AD-A7B4-2490-02C41F2908F0" name="FK_ASS_7">
<createdBy>josef</createdBy>
<createdTime>2016-01-03 15:36:57 UTC</createdTime>
<generatorID>338B67F6-F96C-9C0E-17F7-C811B855E8A9</generatorID>
<ownerDesignName>project-model</ownerDesignName>
<indexState>Foreign Key</indexState>
<isSurrogateKey>false</isSurrogateKey>
<indexColumnUsage>
<colUsage columnID="AEC1F85C-689B-7D49-F02B-21C3FD322EBB"/>
</indexColumnUsage>
</ind_PK_UK>
<ind_PK_UK id="E9A6B11B-3678-45DD-CD6E-4C4517C4B0FF" name="FK_ASS_8">
<createdBy>josef</createdBy>
<createdTime>2016-01-03 15:36:57 UTC</createdTime>
<generatorID>338B67F6-F96C-9C0E-17F7-C811B855E8A9</generatorID>
<ownerDesignName>project-model</ownerDesignName>
<indexState>Foreign Key</indexState>
<isSurrogateKey>false</isSurrogateKey>
<indexColumnUsage>
<colUsage columnID="B6F78F71-8D23-0071-D67E-152B9437B92E"/>
</indexColumnUsage>
</ind_PK_UK>
</indexes>
</Table>