<?xml version = '1.0' encoding = 'UTF-8'?>
<Table class="oracle.dbtools.crest.model.design.relational.Table" directorySegmentName="seg_0" id="0E5EADCF-DF4E-C1CA-4196-5EEBA6644C6C" name="CONTACT_PERSON">
<createdBy>josef</createdBy>
<createdTime>2016-01-03 15:36:57 UTC</createdTime>
<generatorID>0E117930-EBEC-BF21-D30E-947E70C541B9</generatorID>
<ownerDesignName>project-model</ownerDesignName>
<allowColumnReorder>false</allowColumnReorder>
<existDependencyGenerateInDDl>true</existDependencyGenerateInDDl>
<parsed>true</parsed>
<columns itemClass="oracle.dbtools.crest.model.design.relational.Column">
<Column name="CONTACT_PERSON_ID" id="4CF7B23A-8C4F-EF2C-6C27-BB80D88D993C">
<createdBy>josef</createdBy>
<createdTime>2016-01-03 15:36:57 UTC</createdTime>
<generatorID>21B5A1C0-0242-9322-530B-5B5FA8ED00E3</generatorID>
<ownerDesignName>project-model</ownerDesignName>
<useDomainConstraints>false</useDomainConstraints>
<use>1</use>
<logicalDatatype>LOGDT011</logicalDatatype>
<ownDataTypeParameters>,,</ownDataTypeParameters>
<autoIncrementCycle>false</autoIncrementCycle>
</Column>
<Column name="JOB_TITLE" id="67CBD73C-D478-6562-DCF8-BECA96E7FD11">
<createdBy>josef</createdBy>
<createdTime>2016-01-03 15:36:57 UTC</createdTime>
<generatorID>AF387DF1-712D-1086-5ECF-88201C6B9640</generatorID>
<ownerDesignName>project-model</ownerDesignName>
<useDomainConstraints>false</useDomainConstraints>
<use>1</use>
<logicalDatatype>LOGDT024</logicalDatatype>
<dataTypeSize>50 CHAR</dataTypeSize>
<ownDataTypeParameters>50 CHAR,,</ownDataTypeParameters>
<autoIncrementCycle>false</autoIncrementCycle>
</Column>
<Column name="COMPANY_ID" id="544A796C-3A41-065F-F609-27612BEC69F3">
<createdBy>josef</createdBy>
<createdTime>2016-01-03 15:36:57 UTC</createdTime>
<generatorID>B370BD0F-CEE2-7AE6-E70C-AAE50D785A17</generatorID>
<ownerDesignName>project-model</ownerDesignName>
<nullsAllowed>true</nullsAllowed>
<useDomainConstraints>false</useDomainConstraints>
<use>1</use>
<logicalDatatype>LOGDT011</logicalDatatype>
<ownDataTypeParameters>,,</ownDataTypeParameters>
<previousColumn>false</previousColumn>
<autoIncrementCycle>false</autoIncrementCycle>
<associations>
<colAssociation fkAssociation="CF3709D9-E1F9-9BF5-8E74-145187075B6E" referredColumn="A2490389-F463-DB46-A6B8-4DCBBF08830B"/>
</associations>
</Column>
</columns>
<indexes itemClass="oracle.dbtools.crest.model.design.relational.Index">
<ind_PK_UK id="6344A147-2D0B-5487-5A4F-43C605B89C4F" name="CONTACT_PERSON_PK">
<createdBy>josef</createdBy>
<createdTime>2016-01-03 15:36:57 UTC</createdTime>
<generatorID>CE017504-8763-CCE3-D4D9-F152858F3536</generatorID>
<ownerDesignName>project-model</ownerDesignName>
<pk>true</pk>
<indexState>Primary Constraint</indexState>
<isSurrogateKey>false</isSurrogateKey>
<indexColumnUsage>
<colUsage columnID="4CF7B23A-8C4F-EF2C-6C27-BB80D88D993C"/>
</indexColumnUsage>
</ind_PK_UK>
<ind_PK_UK id="95A8ADAB-84FA-0CA5-D8E0-F923E70EC31A" name="CONTACT_PERSON__IDX">
<createdBy>josef</createdBy>
<createdTime>2016-01-03 15:36:57 UTC</createdTime>
<ownerDesignName>project-model</ownerDesignName>
<indexState>Unique Plain Index</indexState>
<isSurrogateKey>false</isSurrogateKey>
<relationGeneratorID>7BFBE13B-C6CF-8946-DA44-0C1A941DEBBA</relationGeneratorID>
<indexColumnUsage>
<colUsage columnID="544A796C-3A41-065F-F609-27612BEC69F3"/>
</indexColumnUsage>
</ind_PK_UK>
<ind_PK_UK id="EB64A687-530C-F299-94BF-78DD607240BF" name="CONTACT_PERSON_COMPANY_FK">
<createdBy>josef</createdBy>
<createdTime>2016-01-03 15:36:57 UTC</createdTime>
<generatorID>7BFBE13B-C6CF-8946-DA44-0C1A941DEBBA</generatorID>
<ownerDesignName>project-model</ownerDesignName>
<indexState>Foreign Key</indexState>
<isSurrogateKey>false</isSurrogateKey>
<indexColumnUsage>
<colUsage columnID="544A796C-3A41-065F-F609-27612BEC69F3"/>
</indexColumnUsage>
</ind_PK_UK>
</indexes>
</Table>