<?xml version = '1.0' encoding = 'UTF-8'?>
<Table class="oracle.dbtools.crest.model.design.relational.Table" directorySegmentName="seg_0" id="5818EF81-1E58-AAC6-644E-6133218A3D05" name="PROJECT">
<createdBy>josef</createdBy>
<createdTime>2016-01-03 15:36:57 UTC</createdTime>
<generatorID>54C19053-5AD2-0DF5-3CD1-C9EC9EB00B3C</generatorID>
<ownerDesignName>project-model</ownerDesignName>
<allowColumnReorder>false</allowColumnReorder>
<existDependencyGenerateInDDl>true</existDependencyGenerateInDDl>
<parsed>true</parsed>
<columns itemClass="oracle.dbtools.crest.model.design.relational.Column">
<Column name="NAME" id="B9E6408D-33B1-EE8D-B382-904892B2230A">
<createdBy>josef</createdBy>
<createdTime>2016-01-03 15:36:57 UTC</createdTime>
<generatorID>CE19C1C7-1243-7E0F-FEEC-20980C53A7CF</generatorID>
<ownerDesignName>project-model</ownerDesignName>
<useDomainConstraints>false</useDomainConstraints>
<use>1</use>
<logicalDatatype>LOGDT024</logicalDatatype>
<dataTypeSize>300 CHAR</dataTypeSize>
<ownDataTypeParameters>300 CHAR,,</ownDataTypeParameters>
<autoIncrementCycle>false</autoIncrementCycle>
</Column>
<Column name="START_DATE" id="DD7F8C6D-8DDF-7892-4916-6C81DD7A750B">
<createdBy>josef</createdBy>
<createdTime>2016-01-03 15:36:57 UTC</createdTime>
<generatorID>7D721778-6FBE-452B-6F72-077539645FA6</generatorID>
<ownerDesignName>project-model</ownerDesignName>
<useDomainConstraints>false</useDomainConstraints>
<use>1</use>
<logicalDatatype>LOGDT007</logicalDatatype>
<ownDataTypeParameters>,,</ownDataTypeParameters>
<autoIncrementCycle>false</autoIncrementCycle>
</Column>
<Column name="END_DATE" id="BF734B2E-E21E-0AC1-9ED4-8024B365AD6B">
<createdBy>josef</createdBy>
<createdTime>2016-01-03 15:36:57 UTC</createdTime>
<generatorID>A49C4474-A201-5FF3-5888-48EA7A5C4DCF</generatorID>
<ownerDesignName>project-model</ownerDesignName>
<nullsAllowed>true</nullsAllowed>
<useDomainConstraints>false</useDomainConstraints>
<use>1</use>
<logicalDatatype>LOGDT007</logicalDatatype>
<ownDataTypeParameters>,,</ownDataTypeParameters>
<autoIncrementCycle>false</autoIncrementCycle>
</Column>
<Column name="COST" id="1E883D1C-3CF7-1C4A-8982-9C8C276804B7">
<createdBy>josef</createdBy>
<createdTime>2016-01-03 15:36:57 UTC</createdTime>
<generatorID>53EDDDF4-EFED-22A0-16C6-C51193E49F0C</generatorID>
<ownerDesignName>project-model</ownerDesignName>
<useDomainConstraints>false</useDomainConstraints>
<use>1</use>
<logicalDatatype>LOGDT019</logicalDatatype>
<dataTypePrecision>12</dataTypePrecision>
<dataTypeScale>2</dataTypeScale>
<ownDataTypeParameters>,12,2</ownDataTypeParameters>
<autoIncrementCycle>false</autoIncrementCycle>
</Column>
<Column name="CONTRACT_ID" id="ECE7DFB0-1C0C-578B-40E6-A5B33E69050F">
<createdBy>josef</createdBy>
<createdTime>2016-01-03 15:36:57 UTC</createdTime>
<generatorID>7A972C38-A3FF-1C70-F40A-27C5CE028354</generatorID>
<ownerDesignName>project-model</ownerDesignName>
<useDomainConstraints>false</useDomainConstraints>
<use>1</use>
<logicalDatatype>LOGDT011</logicalDatatype>
<ownDataTypeParameters>,,</ownDataTypeParameters>
<previousColumn>false</previousColumn>
<autoIncrementCycle>false</autoIncrementCycle>
<associations>
<colAssociation fkAssociation="9F4DD259-E7B9-E198-93A4-B042D7EE04AD" referredColumn="A020B1B2-B368-EC47-785E-01B4AC26036A"/>
</associations>
</Column>
<Column name="EMPLOYEE_ID" id="C04C1DD6-BD92-7D12-F9D2-7662FE2BFF46">
<createdBy>josef</createdBy>
<createdTime>2016-01-03 15:36:57 UTC</createdTime>
<generatorID>F2FF4D92-2656-7D79-638F-CC2932668008</generatorID>
<ownerDesignName>project-model</ownerDesignName>
<useDomainConstraints>false</useDomainConstraints>
<use>1</use>
<logicalDatatype>LOGDT011</logicalDatatype>
<ownDataTypeParameters>,,</ownDataTypeParameters>
<previousColumn>false</previousColumn>
<autoIncrementCycle>false</autoIncrementCycle>
<associations>
<colAssociation fkAssociation="3E85FE6A-423D-58F7-EA62-240E05E43F53" referredColumn="38B88163-0554-E399-9617-3B251D93CC64"/>
</associations>
</Column>
</columns>
<indexes itemClass="oracle.dbtools.crest.model.design.relational.Index">
<ind_PK_UK id="C5EF4F2F-E39A-03AB-2685-FAA1FD5AB3EC" name="PROJECT_PK">
<createdBy>josef</createdBy>
<createdTime>2016-01-03 15:36:57 UTC</createdTime>
<generatorID>844436A4-DF11-928D-0FD2-54DBBA99083E</generatorID>
<ownerDesignName>project-model</ownerDesignName>
<pk>true</pk>
<indexState>Primary Constraint</indexState>
<isSurrogateKey>false</isSurrogateKey>
<indexColumnUsage>
<colUsage columnID="ECE7DFB0-1C0C-578B-40E6-A5B33E69050F"/>
<colUsage columnID="B9E6408D-33B1-EE8D-B382-904892B2230A"/>
</indexColumnUsage>
</ind_PK_UK>
<ind_PK_UK id="20C36F32-8C83-F23A-2057-65ABE55DF210" name="PROJECT__IDX">
<createdBy>josef</createdBy>
<createdTime>2016-01-03 15:36:57 UTC</createdTime>
<ownerDesignName>project-model</ownerDesignName>
<indexState>Unique Plain Index</indexState>
<isSurrogateKey>false</isSurrogateKey>
<relationGeneratorID>4D4D51A2-230A-7BE8-10C2-D85EB7FFFB97</relationGeneratorID>
<indexColumnUsage>
<colUsage columnID="ECE7DFB0-1C0C-578B-40E6-A5B33E69050F"/>
</indexColumnUsage>
</ind_PK_UK>
<ind_PK_UK id="7763094F-D38F-20D3-2F61-AB164B41F609" name="PROJECT_CONTRACT_FK">
<createdBy>josef</createdBy>
<createdTime>2016-01-03 15:36:57 UTC</createdTime>
<generatorID>4D4D51A2-230A-7BE8-10C2-D85EB7FFFB97</generatorID>
<ownerDesignName>project-model</ownerDesignName>
<indexState>Foreign Key</indexState>
<isSurrogateKey>false</isSurrogateKey>
<indexColumnUsage>
<colUsage columnID="ECE7DFB0-1C0C-578B-40E6-A5B33E69050F"/>
</indexColumnUsage>
</ind_PK_UK>
<ind_PK_UK id="E30C8DD2-97E2-4B94-BE22-A8620EB9279A" name="PROJECT_EMPLOYEE_FK">
<createdBy>josef</createdBy>
<createdTime>2016-01-03 15:36:57 UTC</createdTime>
<generatorID>18B5BFAB-DF00-54AD-5FC6-8DBD168CE74F</generatorID>
<ownerDesignName>project-model</ownerDesignName>
<indexState>Foreign Key</indexState>
<isSurrogateKey>false</isSurrogateKey>
<indexColumnUsage>
<colUsage columnID="C04C1DD6-BD92-7D12-F9D2-7662FE2BFF46"/>
</indexColumnUsage>
</ind_PK_UK>
</indexes>
</Table>