<?xml version = '1.0' encoding = 'UTF-8'?>
<Table class="oracle.dbtools.crest.model.design.relational.Table" directorySegmentName="seg_0" id="61042DAF-6187-8451-0753-EC14FD645EE2" name="PROJECT_REALIZATION">
<createdBy>josef</createdBy>
<createdTime>2016-01-03 15:36:57 UTC</createdTime>
<ownerDesignName>project-model</ownerDesignName>
<allowColumnReorder>false</allowColumnReorder>
<existDependencyGenerateInDDl>true</existDependencyGenerateInDDl>
<parsed>true</parsed>
<columns itemClass="oracle.dbtools.crest.model.design.relational.Column">
<Column name="CONTRACT_ID" id="0DF0921C-A483-0D2B-F5F0-257EAACEDADB">
<createdBy>josef</createdBy>
<createdTime>2016-01-03 15:36:57 UTC</createdTime>
<ownerDesignName>project-model</ownerDesignName>
<useDomainConstraints>false</useDomainConstraints>
<use>1</use>
<logicalDatatype>LOGDT011</logicalDatatype>
<ownDataTypeParameters>,,</ownDataTypeParameters>
<previousColumn>false</previousColumn>
<autoIncrementCycle>false</autoIncrementCycle>
<associations>
<colAssociation fkAssociation="F5066B35-D43B-A86D-D306-E9144F22BCB8" referredColumn="ECE7DFB0-1C0C-578B-40E6-A5B33E69050F"/>
</associations>
</Column>
<Column name="NAME" id="02F2933B-300A-102A-D26E-C17467F20D17">
<createdBy>josef</createdBy>
<createdTime>2016-01-03 15:36:57 UTC</createdTime>
<ownerDesignName>project-model</ownerDesignName>
<useDomainConstraints>false</useDomainConstraints>
<use>1</use>
<logicalDatatype>LOGDT024</logicalDatatype>
<dataTypeSize>300 CHAR</dataTypeSize>
<ownDataTypeParameters>,,</ownDataTypeParameters>
<previousColumn>false</previousColumn>
<autoIncrementCycle>false</autoIncrementCycle>
<associations>
<colAssociation fkAssociation="F5066B35-D43B-A86D-D306-E9144F22BCB8" referredColumn="B9E6408D-33B1-EE8D-B382-904892B2230A"/>
</associations>
</Column>
<Column name="EMPLOYEE_ID" id="28EFB026-6126-2004-1E39-112E62F0DE22">
<createdBy>josef</createdBy>
<createdTime>2016-01-03 15:36:57 UTC</createdTime>
<ownerDesignName>project-model</ownerDesignName>
<useDomainConstraints>false</useDomainConstraints>
<use>1</use>
<logicalDatatype>LOGDT011</logicalDatatype>
<ownDataTypeParameters>,,</ownDataTypeParameters>
<previousColumn>false</previousColumn>
<autoIncrementCycle>false</autoIncrementCycle>
<associations>
<colAssociation fkAssociation="C7EE5CF9-F526-743C-EFDF-1754D1528F87" referredColumn="38B88163-0554-E399-9617-3B251D93CC64"/>
</associations>
</Column>
</columns>
<indexes itemClass="oracle.dbtools.crest.model.design.relational.Index">
<ind_PK_UK id="4691233F-AEAB-9300-4559-21D91218E4E6" name="PROJECT_REALIZATION_PK">
<createdBy>josef</createdBy>
<createdTime>2016-01-03 15:36:57 UTC</createdTime>
<ownerDesignName>project-model</ownerDesignName>
<pk>true</pk>
<indexState>Primary Constraint</indexState>
<isSurrogateKey>false</isSurrogateKey>
<indexColumnUsage>
<colUsage columnID="0DF0921C-A483-0D2B-F5F0-257EAACEDADB"/>
<colUsage columnID="02F2933B-300A-102A-D26E-C17467F20D17"/>
<colUsage columnID="28EFB026-6126-2004-1E39-112E62F0DE22"/>
</indexColumnUsage>
</ind_PK_UK>
<ind_PK_UK id="079F565E-DCBB-5AB1-22C6-F27EF4FE1836" name="FK_ASS_3">
<createdBy>josef</createdBy>
<createdTime>2016-01-03 15:36:57 UTC</createdTime>
<generatorID>9AA69141-F65B-9BEE-23E9-6C488F807B35</generatorID>
<ownerDesignName>project-model</ownerDesignName>
<indexState>Foreign Key</indexState>
<isSurrogateKey>false</isSurrogateKey>
<indexColumnUsage>
<colUsage columnID="0DF0921C-A483-0D2B-F5F0-257EAACEDADB"/>
<colUsage columnID="02F2933B-300A-102A-D26E-C17467F20D17"/>
</indexColumnUsage>
</ind_PK_UK>
<ind_PK_UK id="D3F3F68D-D85D-B143-F203-BDE0982006CF" name="FK_ASS_4">
<createdBy>josef</createdBy>
<createdTime>2016-01-03 15:36:57 UTC</createdTime>
<generatorID>9AA69141-F65B-9BEE-23E9-6C488F807B35</generatorID>
<ownerDesignName>project-model</ownerDesignName>
<indexState>Foreign Key</indexState>
<isSurrogateKey>false</isSurrogateKey>
<indexColumnUsage>
<colUsage columnID="28EFB026-6126-2004-1E39-112E62F0DE22"/>
</indexColumnUsage>
</ind_PK_UK>
</indexes>
</Table>