<?xml version = '1.0' encoding = 'UTF-8'?>
<Table class="oracle.dbtools.crest.model.design.relational.Table" directorySegmentName="seg_0" id="8536E0E7-6CE6-3D80-9F1B-95CD9ACBD8AD" name="EMPLOYEE">
<createdBy>josef</createdBy>
<createdTime>2016-01-03 15:36:57 UTC</createdTime>
<generatorID>7FEDF68F-EC68-49D1-23A4-67C29476F161</generatorID>
<ownerDesignName>project-model</ownerDesignName>
<allowColumnReorder>false</allowColumnReorder>
<existDependencyGenerateInDDl>true</existDependencyGenerateInDDl>
<parsed>true</parsed>
<columns itemClass="oracle.dbtools.crest.model.design.relational.Column">
<Column name="EMPLOYEE_ID" id="38B88163-0554-E399-9617-3B251D93CC64">
<createdBy>josef</createdBy>
<createdTime>2016-01-03 15:36:57 UTC</createdTime>
<generatorID>21B5A1C0-0242-9322-530B-5B5FA8ED00E3</generatorID>
<ownerDesignName>project-model</ownerDesignName>
<useDomainConstraints>false</useDomainConstraints>
<use>1</use>
<logicalDatatype>LOGDT011</logicalDatatype>
<ownDataTypeParameters>,,</ownDataTypeParameters>
<autoIncrementCycle>false</autoIncrementCycle>
</Column>
<Column name="PERSONAL_NUMBER" id="B82F3A87-1B27-694B-8A56-DD15D0692E7C">
<createdBy>josef</createdBy>
<createdTime>2016-01-03 15:36:57 UTC</createdTime>
<generatorID>E4E038DB-DAAA-5CC7-7928-0B9B58702EDA</generatorID>
<ownerDesignName>project-model</ownerDesignName>
<useDomainConstraints>false</useDomainConstraints>
<use>1</use>
<logicalDatatype>LOGDT024</logicalDatatype>
<dataTypeSize>50 CHAR</dataTypeSize>
<ownDataTypeParameters>50 CHAR,,</ownDataTypeParameters>
<autoIncrementCycle>false</autoIncrementCycle>
</Column>
</columns>
<indexes itemClass="oracle.dbtools.crest.model.design.relational.Index">
<ind_PK_UK id="E8405CFD-543A-A671-3F0E-91BBEB4DBFE9" name="EMPLOYEE_PK">
<createdBy>josef</createdBy>
<createdTime>2016-01-03 15:36:57 UTC</createdTime>
<generatorID>CE017504-8763-CCE3-D4D9-F152858F3536</generatorID>
<ownerDesignName>project-model</ownerDesignName>
<pk>true</pk>
<indexState>Primary Constraint</indexState>
<isSurrogateKey>false</isSurrogateKey>
<indexColumnUsage>
<colUsage columnID="38B88163-0554-E399-9617-3B251D93CC64"/>
</indexColumnUsage>
</ind_PK_UK>
</indexes>
</Table>