<?xml version = '1.0' encoding = 'UTF-8'?>
<Table class="oracle.dbtools.crest.model.design.relational.Table" directorySegmentName="seg_0" id="D211B4CD-22A0-9271-3D7F-2CE85D84CE50" name="ADDRESS">
<createdBy>josef</createdBy>
<createdTime>2016-01-03 15:36:57 UTC</createdTime>
<generatorID>7600FE27-3C0B-60DC-7371-617C6793FFD2</generatorID>
<ownerDesignName>project-model</ownerDesignName>
<allowColumnReorder>false</allowColumnReorder>
<existDependencyGenerateInDDl>true</existDependencyGenerateInDDl>
<parsed>true</parsed>
<columns itemClass="oracle.dbtools.crest.model.design.relational.Column">
<Column name="ADDRESS_ID" id="500EE2D5-94F2-C0E6-071E-8403549BD62A">
<createdBy>josef</createdBy>
<createdTime>2016-01-03 15:36:57 UTC</createdTime>
<generatorID>5DCE8676-DED2-DB6A-4BD6-FC3EB8E4933A</generatorID>
<ownerDesignName>project-model</ownerDesignName>
<useDomainConstraints>false</useDomainConstraints>
<use>1</use>
<logicalDatatype>LOGDT011</logicalDatatype>
<ownDataTypeParameters>,,</ownDataTypeParameters>
<autoIncrementCycle>false</autoIncrementCycle>
</Column>
<Column name="STATE" id="C3A50A90-0C76-D5E4-DBD1-0BA19962B914">
<createdBy>josef</createdBy>
<createdTime>2016-01-03 15:36:57 UTC</createdTime>
<generatorID>40420C4B-1E09-00DD-8ACE-E130F50401A8</generatorID>
<ownerDesignName>project-model</ownerDesignName>
<useDomainConstraints>false</useDomainConstraints>
<use>1</use>
<logicalDatatype>LOGDT024</logicalDatatype>
<dataTypeSize>50 CHAR</dataTypeSize>
<ownDataTypeParameters>50 CHAR,,</ownDataTypeParameters>
<autoIncrementCycle>false</autoIncrementCycle>
</Column>
<Column name="CITY" id="B839E3D7-FDE6-D450-DECA-BE0FB76E583D">
<createdBy>josef</createdBy>
<createdTime>2016-01-03 15:36:57 UTC</createdTime>
<generatorID>A3ECFCF5-DE46-5BF5-E9EA-4A3E09D56ADB</generatorID>
<ownerDesignName>project-model</ownerDesignName>
<useDomainConstraints>false</useDomainConstraints>
<use>1</use>
<logicalDatatype>LOGDT024</logicalDatatype>
<dataTypeSize>50 CHAR</dataTypeSize>
<ownDataTypeParameters>50 CHAR,,</ownDataTypeParameters>
<autoIncrementCycle>false</autoIncrementCycle>
</Column>
<Column name="STREET_ADDRESS_LINE1" id="B08C5DF0-9FD2-0506-75E1-D440A01D475D">
<createdBy>josef</createdBy>
<createdTime>2016-01-03 15:36:57 UTC</createdTime>
<generatorID>889603AD-33EB-237E-66A0-D37F39F105D6</generatorID>
<ownerDesignName>project-model</ownerDesignName>
<useDomainConstraints>false</useDomainConstraints>
<use>1</use>
<logicalDatatype>LOGDT024</logicalDatatype>
<dataTypeSize>50 CHAR</dataTypeSize>
<ownDataTypeParameters>50 CHAR,,</ownDataTypeParameters>
<autoIncrementCycle>false</autoIncrementCycle>
</Column>
<Column name="STREET_ADDRESS_LINE2" id="5F21ED94-EEA9-AB5C-2ED4-FE30EA3A6387">
<createdBy>josef</createdBy>
<createdTime>2016-01-03 15:36:57 UTC</createdTime>
<generatorID>FB421DDE-DAF5-BA09-575F-0321873FD9E3</generatorID>
<ownerDesignName>project-model</ownerDesignName>
<nullsAllowed>true</nullsAllowed>
<useDomainConstraints>false</useDomainConstraints>
<use>1</use>
<logicalDatatype>LOGDT024</logicalDatatype>
<dataTypeSize>50 CHAR</dataTypeSize>
<ownDataTypeParameters>50 CHAR,,</ownDataTypeParameters>
<autoIncrementCycle>false</autoIncrementCycle>
</Column>
<Column name="POSTAL_CODE" id="AD69C0FB-6ECF-8AA2-3D50-D5EDD7A30467">
<createdBy>josef</createdBy>
<createdTime>2016-01-03 15:36:57 UTC</createdTime>
<generatorID>F424B2C0-2271-D2F7-ACE0-CA095815AD91</generatorID>
<ownerDesignName>project-model</ownerDesignName>
<useDomainConstraints>false</useDomainConstraints>
<use>1</use>
<logicalDatatype>LOGDT024</logicalDatatype>
<dataTypeSize>15 CHAR</dataTypeSize>
<ownDataTypeParameters>15 CHAR,,</ownDataTypeParameters>
<autoIncrementCycle>false</autoIncrementCycle>
</Column>
<Column name="COMPANY_ID" id="2E0BC60C-D077-8C9F-90B7-3439D502D24E">
<createdBy>josef</createdBy>
<createdTime>2016-01-03 15:36:57 UTC</createdTime>
<generatorID>67165482-B34E-5115-B6A0-6B9C0DB2EB93</generatorID>
<ownerDesignName>project-model</ownerDesignName>
<useDomainConstraints>false</useDomainConstraints>
<use>1</use>
<logicalDatatype>LOGDT011</logicalDatatype>
<ownDataTypeParameters>,,</ownDataTypeParameters>
<previousColumn>false</previousColumn>
<autoIncrementCycle>false</autoIncrementCycle>
<associations>
<colAssociation fkAssociation="7DEB56AC-2551-0192-2A83-28BAE50004B9" referredColumn="A2490389-F463-DB46-A6B8-4DCBBF08830B"/>
</associations>
</Column>
</columns>
<indexes itemClass="oracle.dbtools.crest.model.design.relational.Index">
<ind_PK_UK id="7E5A2043-79FA-A3E1-AB90-F86F9BDC8D45" name="ADDRESS_PK">
<createdBy>josef</createdBy>
<createdTime>2016-01-03 15:36:57 UTC</createdTime>
<generatorID>C35350FD-67C7-E06D-3E0C-07243A8849BC</generatorID>
<ownerDesignName>project-model</ownerDesignName>
<pk>true</pk>
<indexState>Primary Constraint</indexState>
<isSurrogateKey>false</isSurrogateKey>
<indexColumnUsage>
<colUsage columnID="500EE2D5-94F2-C0E6-071E-8403549BD62A"/>
</indexColumnUsage>
</ind_PK_UK>
<ind_PK_UK id="E3C622D9-B2C9-7249-7CBB-611ADCFAE12A" name="ADDRESS__IDX">
<createdBy>josef</createdBy>
<createdTime>2016-01-03 15:36:57 UTC</createdTime>
<ownerDesignName>project-model</ownerDesignName>
<indexState>Unique Plain Index</indexState>
<isSurrogateKey>false</isSurrogateKey>
<relationGeneratorID>BB415ACE-A128-B2AC-73F1-CB160DDF6507</relationGeneratorID>
<indexColumnUsage>
<colUsage columnID="2E0BC60C-D077-8C9F-90B7-3439D502D24E"/>
</indexColumnUsage>
</ind_PK_UK>
<ind_PK_UK id="33BA9E72-2A3F-0BF0-D408-83258ABB0A91" name="ADDRESS_COMPANY_FK">
<createdBy>josef</createdBy>
<createdTime>2016-01-03 15:36:57 UTC</createdTime>
<generatorID>BB415ACE-A128-B2AC-73F1-CB160DDF6507</generatorID>
<ownerDesignName>project-model</ownerDesignName>
<indexState>Foreign Key</indexState>
<isSurrogateKey>false</isSurrogateKey>
<indexColumnUsage>
<colUsage columnID="2E0BC60C-D077-8C9F-90B7-3439D502D24E"/>
</indexColumnUsage>
</ind_PK_UK>
</indexes>
</Table>