<?xml version = '1.0' encoding = 'UTF-8'?>
<Diagram class="oracle.dbtools.crest.swingui.logical.DPVLogical" name="Logical" id="813E5AE3-1452-1F9D-3E00-17F86522778E">
<createdBy>josef</createdBy>
<modifiedBy>josef</modifiedBy>
<createdTime>2015-12-25 11:59:51 UTC</createdTime>
<autoRoute>false</autoRoute>
<boxInbox>true</boxInbox>
<showLegend>false</showLegend>
<showLabels>true</showLabels>
<showRelAttributes>false</showRelAttributes>
<gridEnabled>false</gridEnabled>
<showGrid>false</showGrid>
<diagramColor>-1</diagramColor>
<display>false</display>
<notation>1</notation>
<objectViews>
<OView class="oracle.dbtools.crest.swingui.logical.TVEntity" oid="0E117930-EBEC-BF21-D30E-947E70C541B9" otype="Entity" vid="E9CC78A2-79DD-AC19-4948-DA778B4058C1">
<hideElementsInCurrentOnly>false</hideElementsInCurrentOnly>
<bounds x="847" y="422" width="150" height="45"/>
</OView>
<OView class="oracle.dbtools.crest.swingui.logical.TVEntity" oid="166D368F-229B-0C9F-37D6-6ED574378F52" otype="Entity" vid="DC760993-4238-F824-52E1-AFF2B7C860D9">
<hideElementsInCurrentOnly>false</hideElementsInCurrentOnly>
<bounds x="527" y="155" width="170" height="81"/>
</OView>
<OView class="oracle.dbtools.crest.swingui.logical.TVEntity" oid="54C19053-5AD2-0DF5-3CD1-C9EC9EB00B3C" otype="Entity" vid="FA8DEF9B-166C-945C-AD50-B228DCAE2C84">
<hideElementsInCurrentOnly>false</hideElementsInCurrentOnly>
<bounds x="827" y="156" width="170" height="74"/>
</OView>
<OView class="oracle.dbtools.crest.swingui.logical.TVEntity" oid="5DA898F0-8D58-099A-99D9-DDDFCC39A476" otype="Entity" vid="F69E18C1-0066-C349-DB2D-314DFF097556">
<hideElementsInCurrentOnly>false</hideElementsInCurrentOnly>
<bounds x="837" y="335" width="170" height="201"/>
</OView>
<OView class="oracle.dbtools.crest.swingui.logical.TVEntity" oid="7600FE27-3C0B-60DC-7371-617C6793FFD2" otype="Entity" vid="E7603080-9A8B-637C-BDE7-C5E8DFADFDD3">
<hideElementsInCurrentOnly>false</hideElementsInCurrentOnly>
<bounds x="117" y="161" width="170" height="110"/>
</OView>
<OView class="oracle.dbtools.crest.swingui.logical.TVEntity" oid="7FEDF68F-EC68-49D1-23A4-67C29476F161" otype="Entity" vid="10C1442C-642A-91FC-D3FA-A9340ED2B159">
<hideElementsInCurrentOnly>false</hideElementsInCurrentOnly>
<bounds x="847" y="474" width="150" height="49"/>
</OView>
<OView class="oracle.dbtools.crest.swingui.TVNote" oid="859334C0-3241-61CA-B976-2D1D3B6FBA2E" otype="Note" vid="4D818C5D-C384-F5B9-AFF4-9C7772144EA9">
<hideElementsInCurrentOnly>false</hideElementsInCurrentOnly>
<bounds x="20" y="563" width="354" height="38"/>
<comment>IO2: Zadavatel zakázky (do systému) nemusí (ale může) na deném projektu pracovat.Jeho účast je nepovinná i v roli vedoucího projektu.</comment>
</OView>
<OView class="oracle.dbtools.crest.swingui.TVNote" oid="AA778244-42E7-02E3-BF85-E2335308CE54" otype="Note" vid="FC217070-A148-C675-C726-C2D25B10E4D3">
<hideElementsInCurrentOnly>false</hideElementsInCurrentOnly>
<bounds x="20" y="518" width="354" height="40"/>
<comment>IO1: Na projektu může pracovat libovolný zaměstnanec včetně vedoucího proejktu. Vedoucí nemusí na projektu pracovat.</comment>
</OView>
<OView class="oracle.dbtools.crest.swingui.logical.TVEntity" oid="B13C462C-6CA7-3D54-155F-3C06D614D340" otype="Entity" vid="D3A1A4EC-06F9-277C-6BCC-EF3BD852C052">
<hideElementsInCurrentOnly>false</hideElementsInCurrentOnly>
<bounds x="305" y="431" width="170" height="73"/>
</OView>
<OView class="oracle.dbtools.crest.swingui.logical.TVEntity" oid="DBA5E1EE-9C9B-05EF-A23A-392C7E435F51" otype="Entity" vid="49E2A901-0726-DFC2-692B-DC5F33CF943B">
<hideElementsInCurrentOnly>false</hideElementsInCurrentOnly>
<bounds x="458" y="351" width="170" height="60"/>
</OView>
<OView class="oracle.dbtools.crest.swingui.logical.TVEntity" oid="F273A54D-0FFA-3589-D1B0-08C0D27E575F" otype="Entity" vid="2BB4A7A6-D445-4145-CC75-84E0E2351153">
<hideElementsInCurrentOnly>false</hideElementsInCurrentOnly>
<bounds x="583" y="448" width="170" height="54"/>
</OView>
</objectViews>
<connectors>
<Connector class="oracle.dbtools.crest.swingui.logical.TVRelation" oid="18B5BFAB-DF00-54AD-5FC6-8DBD168CE74F" otype="Relation" vid_source="10C1442C-642A-91FC-D3FA-A9340ED2B159" vid_target="FA8DEF9B-166C-945C-AD50-B228DCAE2C84">
<hideElementsInCurrentOnly>false</hideElementsInCurrentOnly>
<lineWidth>1</lineWidth>
<points>
<point x="847" y="504"/>
<point x="826" y="504"/>
<point x="827" y="230"/>
</points>
</Connector>
<Connector class="oracle.dbtools.crest.swingui.logical.TVRelation" oid="338B67F6-F96C-9C0E-17F7-C811B855E8A9" otype="Relation" vid_source="DC760993-4238-F824-52E1-AFF2B7C860D9" vid_target="2BB4A7A6-D445-4145-CC75-84E0E2351153">
<hideElementsInCurrentOnly>false</hideElementsInCurrentOnly>
<lineWidth>1</lineWidth>
<sourceLabel class="oracle.dbtools.crest.model.design.Label">
<site>0</site>
<labelBounds x="643" y="385" width="90" height="26"/>
<fonts itemClass="oracle.dbtools.crest.model.design.FontObjectWr">
<FontObject>
<foType>Text</foType>
<colorRGB>-16777216</colorRGB>
</FontObject>
</fonts>
</sourceLabel>
<points>
<point x="640" y="236"/>
<point x="640" y="448"/>
</points>
</Connector>
<Connector class="oracle.dbtools.crest.swingui.logical.TVInheritanceRelation" oid="38ED53FD-8556-06CD-1FD5-CFA25773317A" otype="Hierarchy relation" vid_source="F69E18C1-0066-C349-DB2D-314DFF097556" vid_target="10C1442C-642A-91FC-D3FA-A9340ED2B159">
<hideElementsInCurrentOnly>false</hideElementsInCurrentOnly>
<lineWidth>1</lineWidth>
</Connector>
<Connector class="oracle.dbtools.crest.swingui.logical.TVRelation" oid="4D4D51A2-230A-7BE8-10C2-D85EB7FFFB97" otype="Relation" vid_source="DC760993-4238-F824-52E1-AFF2B7C860D9" vid_target="FA8DEF9B-166C-945C-AD50-B228DCAE2C84">
<hideElementsInCurrentOnly>false</hideElementsInCurrentOnly>
<lineWidth>1</lineWidth>
<sourceLabel class="oracle.dbtools.crest.model.design.Label">
<site>0</site>
<labelBounds x="718" y="206" width="88" height="23"/>
<fonts itemClass="oracle.dbtools.crest.model.design.FontObjectWr">
<FontObject>
<foType>Text</foType>
<colorRGB>-16777216</colorRGB>
</FontObject>
</fonts>
</sourceLabel>
<points>
<point x="697" y="203"/>
<point x="827" y="203"/>
</points>
</Connector>
<Connector class="oracle.dbtools.crest.swingui.logical.TVRelation" oid="587E7917-D34D-57A3-27C6-E18D71F45DB6" otype="Relation" vid_source="10C1442C-642A-91FC-D3FA-A9340ED2B159" vid_target="DC760993-4238-F824-52E1-AFF2B7C860D9">
<hideElementsInCurrentOnly>false</hideElementsInCurrentOnly>
<lineWidth>1</lineWidth>
<sourceLabel class="oracle.dbtools.crest.model.design.Label">
<site>0</site>
<labelBounds x="718" y="343" width="197" height="295"/>
<fonts itemClass="oracle.dbtools.crest.model.design.FontObjectWr">
<FontObject>
<foType>Text</foType>
<colorRGB>-16777216</colorRGB>
</FontObject>
</fonts>
</sourceLabel>
<points>
<point x="847" y="499"/>
<point x="766" y="499"/>
<point x="766" y="360"/>
<point x="684" y="360"/>
<point x="684" y="236"/>
</points>
</Connector>
<Connector class="oracle.dbtools.crest.swingui.logical.TVRelation" oid="7BFBE13B-C6CF-8946-DA44-0C1A941DEBBA" otype="Relation" vid_source="E9CC78A2-79DD-AC19-4948-DA778B4058C1" vid_target="D3A1A4EC-06F9-277C-6BCC-EF3BD852C052">
<hideElementsInCurrentOnly>false</hideElementsInCurrentOnly>
<lineWidth>1</lineWidth>
<targetLabel class="oracle.dbtools.crest.model.design.Label">
<site>2</site>
<labelBounds x="402" y="518" width="102" height="20"/>
<fonts itemClass="oracle.dbtools.crest.model.design.FontObjectWr">
<FontObject>
<foType>Text</foType>
<colorRGB>-16777216</colorRGB>
</FontObject>
</fonts>
</targetLabel>
<points>
<point x="847" y="441"/>
<point x="799" y="441"/>
<point x="799" y="546"/>
<point x="394" y="545"/>
<point x="394" y="504"/>
</points>
</Connector>
<Connector class="oracle.dbtools.crest.swingui.logical.TVRelation" oid="9AA69141-F65B-9BEE-23E9-6C488F807B35" otype="Relation" vid_source="FA8DEF9B-166C-945C-AD50-B228DCAE2C84" vid_target="10C1442C-642A-91FC-D3FA-A9340ED2B159">
<hideElementsInCurrentOnly>false</hideElementsInCurrentOnly>
<lineWidth>1</lineWidth>
<sourceLabel class="oracle.dbtools.crest.model.design.Label">
<site>0</site>
<labelBounds x="1001" y="188" width="64" height="20"/>
<fonts itemClass="oracle.dbtools.crest.model.design.FontObjectWr">
<FontObject>
<foType>Text</foType>
<colorRGB>-16777216</colorRGB>
</FontObject>
</fonts>
</sourceLabel>
<points>
<point x="997" y="185"/>
<point x="1058" y="185"/>
<point x="1058" y="493"/>
<point x="997" y="493"/>
</points>
</Connector>
<Connector class="oracle.dbtools.crest.swingui.logical.TVInheritanceRelation" oid="A3F8BEFE-4F2A-E5EB-9281-96AB0F523574" otype="Hierarchy relation" vid_source="F69E18C1-0066-C349-DB2D-314DFF097556" vid_target="E9CC78A2-79DD-AC19-4948-DA778B4058C1">
<hideElementsInCurrentOnly>false</hideElementsInCurrentOnly>
<lineWidth>1</lineWidth>
</Connector>
<Connector class="oracle.dbtools.crest.swingui.logical.TVRelation" oid="B5460935-1C26-DA87-2D56-BFA90E22498C" otype="Relation" vid_source="D3A1A4EC-06F9-277C-6BCC-EF3BD852C052" vid_target="DC760993-4238-F824-52E1-AFF2B7C860D9">
<hideElementsInCurrentOnly>false</hideElementsInCurrentOnly>
<lineWidth>1</lineWidth>
<sourceLabel class="oracle.dbtools.crest.model.design.Label">
<site>0</site>
<labelBounds x="431" y="333" width="47" height="82"/>
<fonts itemClass="oracle.dbtools.crest.model.design.FontObjectWr">
<FontObject>
<foType>Text</foType>
<colorRGB>-16777216</colorRGB>
</FontObject>
</fonts>
</sourceLabel>
<points>
<point x="428" y="431"/>
<point x="428" y="203"/>
<point x="527" y="203"/>
</points>
</Connector>
<Connector class="oracle.dbtools.crest.swingui.logical.TVRelation" oid="BB415ACE-A128-B2AC-73F1-CB160DDF6507" otype="Relation" vid_source="D3A1A4EC-06F9-277C-6BCC-EF3BD852C052" vid_target="E7603080-9A8B-637C-BDE7-C5E8DFADFDD3">
<hideElementsInCurrentOnly>false</hideElementsInCurrentOnly>
<lineWidth>1</lineWidth>
<sourceLabel class="oracle.dbtools.crest.model.design.Label">
<site>0</site>
<labelBounds x="343" y="366" width="81" height="20"/>
<fonts itemClass="oracle.dbtools.crest.model.design.FontObjectWr">
<FontObject>
<foType>Text</foType>
<colorRGB>-16777216</colorRGB>
</FontObject>
</fonts>
</sourceLabel>
<points>
<point x="340" y="431"/>
<point x="340" y="218"/>
<point x="287" y="218"/>
</points>
</Connector>
<Connector class="oracle.dbtools.crest.swingui.logical.TVRelation" oid="D64D9638-1282-E87D-6084-934A0303B82D" otype="Relation" vid_source="DC760993-4238-F824-52E1-AFF2B7C860D9" vid_target="49E2A901-0726-DFC2-692B-DC5F33CF943B">
<hideElementsInCurrentOnly>false</hideElementsInCurrentOnly>
<lineWidth>1</lineWidth>
<sourceLabel class="oracle.dbtools.crest.model.design.Label">
<site>0</site>
<labelBounds x="580" y="253" width="58" height="20"/>
<fonts itemClass="oracle.dbtools.crest.model.design.FontObjectWr">
<FontObject>
<foType>Text</foType>
<colorRGB>-16777216</colorRGB>
</FontObject>
</fonts>
</sourceLabel>
<points>
<point x="577" y="236"/>
<point x="577" y="351"/>
</points>
</Connector>
</connectors>
</Diagram>