<?xml version = '1.0' encoding = 'UTF-8'?>
<FKIndexAssociation class="oracle.dbtools.crest.model.design.relational.FKIndexAssociation" directorySegmentName="seg_0" id="3E85FE6A-423D-58F7-EA62-240E05E43F53" containerWithKeyObject="5818EF81-1E58-AAC6-644E-6133218A3D05" localFKIndex="E30C8DD2-97E2-4B94-BE22-A8620EB9279A" name="PROJECT_EMPLOYEE_FK">
<createdBy>josef</createdBy>
<createdTime>2016-01-03 15:36:57 UTC</createdTime>
<generatorID>18B5BFAB-DF00-54AD-5FC6-8DBD168CE74F</generatorID>
<ownerDesignName>project-model</ownerDesignName>
<deleteRule>NO ACTION</deleteRule>
<referredTableID>8536E0E7-6CE6-3D80-9F1B-95CD9ACBD8AD</referredTableID>
<keyObject>E8405CFD-543A-A671-3F0E-91BBEB4DBFE9</keyObject>
<referredKeyID>E8405CFD-543A-A671-3F0E-91BBEB4DBFE9</referredKeyID>
<mandatory>true</mandatory>
<transferable>true</transferable>
<rely>false</rely>
<columnDependencyConstraintGenerateInDDL>true</columnDependencyConstraintGenerateInDDL>
</FKIndexAssociation>