<?xml version = '1.0' encoding = 'UTF-8'?>
<FKIndexAssociation class="oracle.dbtools.crest.model.design.relational.FKIndexAssociation" directorySegmentName="seg_0" id="672C815A-A477-3F29-9A8C-70E1A60DD1E2" containerWithKeyObject="DB307940-C17F-A6B0-67D7-3D11A1649D30" localFKIndex="86C13D26-AEC8-B67C-8D87-494421A4E7F3" name="PERSON_EMPLOYEE_FK">
<createdBy>josef</createdBy>
<createdTime>2016-01-03 15:36:57 UTC</createdTime>
<generatorID>38ED53FD-8556-06CD-1FD5-CFA25773317A</generatorID>
<ownerDesignName>project-model</ownerDesignName>
<arc>866146DC-F437-BA71-9C62-57651B1D725F</arc>
<deleteRule>NO ACTION</deleteRule>
<referredTableID>8536E0E7-6CE6-3D80-9F1B-95CD9ACBD8AD</referredTableID>
<keyObject>E8405CFD-543A-A671-3F0E-91BBEB4DBFE9</keyObject>
<referredKeyID>E8405CFD-543A-A671-3F0E-91BBEB4DBFE9</referredKeyID>
<mandatory>false</mandatory>
<transferable>true</transferable>
<rely>false</rely>
<columnDependencyConstraintGenerateInDDL>true</columnDependencyConstraintGenerateInDDL>
</FKIndexAssociation>