<?xml version = '1.0' encoding = 'UTF-8'?>
<FKIndexAssociation class="oracle.dbtools.crest.model.design.relational.FKIndexAssociation" directorySegmentName="seg_0" id="6ADF9A60-7D57-3054-C8AE-01333C8DDE90" containerWithKeyObject="057AF8E4-23FB-518B-9F39-2A654CC9F001" localFKIndex="ACEFAF25-5D14-2ACF-5B4B-1FB3E6827A99" name="CONTRACT_FINANCIAL_CATEGORY_FK">
<createdBy>josef</createdBy>
<createdTime>2016-01-03 15:36:57 UTC</createdTime>
<generatorID>D64D9638-1282-E87D-6084-934A0303B82D</generatorID>
<ownerDesignName>project-model</ownerDesignName>
<deleteRule>NO ACTION</deleteRule>
<referredTableID>21EFB094-4177-C6F9-16E6-F06A8EFA9139</referredTableID>
<keyObject>8483F142-AC6A-6691-4942-A3C0C4BF0374</keyObject>
<referredKeyID>8483F142-AC6A-6691-4942-A3C0C4BF0374</referredKeyID>
<mandatory>true</mandatory>
<transferable>true</transferable>
<rely>false</rely>
<columnDependencyConstraintGenerateInDDL>true</columnDependencyConstraintGenerateInDDL>
</FKIndexAssociation>