<?xml version = '1.0' encoding = 'UTF-8'?>
<FKIndexAssociation class="oracle.dbtools.crest.model.design.relational.FKIndexAssociation" directorySegmentName="seg_0" id="7DEB56AC-2551-0192-2A83-28BAE50004B9" containerWithKeyObject="D211B4CD-22A0-9271-3D7F-2CE85D84CE50" localFKIndex="33BA9E72-2A3F-0BF0-D408-83258ABB0A91" name="ADDRESS_COMPANY_FK">
<createdBy>josef</createdBy>
<createdTime>2016-01-03 15:36:57 UTC</createdTime>
<generatorID>BB415ACE-A128-B2AC-73F1-CB160DDF6507</generatorID>
<ownerDesignName>project-model</ownerDesignName>
<deleteRule>NO ACTION</deleteRule>
<referredTableID>13C6DA64-1C8F-9805-A1E3-BF61F5487CA3</referredTableID>
<keyObject>44DBD797-C30B-792F-579A-E7ED1DA20ECF</keyObject>
<referredKeyID>44DBD797-C30B-792F-579A-E7ED1DA20ECF</referredKeyID>
<mandatory>true</mandatory>
<transferable>true</transferable>
<rely>false</rely>
<columnDependencyConstraintGenerateInDDL>true</columnDependencyConstraintGenerateInDDL>
</FKIndexAssociation>