<?xml version = '1.0' encoding = 'UTF-8'?>
<FKIndexAssociation class="oracle.dbtools.crest.model.design.relational.FKIndexAssociation" directorySegmentName="seg_0" id="9DEDFF1B-A137-4621-CA86-09E97420A3DE" containerWithKeyObject="DB307940-C17F-A6B0-67D7-3D11A1649D30" localFKIndex="57C7781E-6CC6-A69B-4513-DBE1343A803C" name="PERSON_CONTACT_PERSON_FK">
<createdBy>josef</createdBy>
<createdTime>2016-01-03 15:36:57 UTC</createdTime>
<generatorID>A3F8BEFE-4F2A-E5EB-9281-96AB0F523574</generatorID>
<ownerDesignName>project-model</ownerDesignName>
<arc>866146DC-F437-BA71-9C62-57651B1D725F</arc>
<deleteRule>NO ACTION</deleteRule>
<referredTableID>0E5EADCF-DF4E-C1CA-4196-5EEBA6644C6C</referredTableID>
<keyObject>6344A147-2D0B-5487-5A4F-43C605B89C4F</keyObject>
<referredKeyID>6344A147-2D0B-5487-5A4F-43C605B89C4F</referredKeyID>
<mandatory>false</mandatory>
<transferable>true</transferable>
<rely>false</rely>
<columnDependencyConstraintGenerateInDDL>true</columnDependencyConstraintGenerateInDDL>
</FKIndexAssociation>