<?xml version = '1.0' encoding = 'UTF-8'?>
<FKIndexAssociation class="oracle.dbtools.crest.model.design.relational.FKIndexAssociation" directorySegmentName="seg_0" id="9F4DD259-E7B9-E198-93A4-B042D7EE04AD" containerWithKeyObject="5818EF81-1E58-AAC6-644E-6133218A3D05" localFKIndex="7763094F-D38F-20D3-2F61-AB164B41F609" name="PROJECT_CONTRACT_FK">
<createdBy>josef</createdBy>
<createdTime>2016-01-03 15:36:57 UTC</createdTime>
<generatorID>4D4D51A2-230A-7BE8-10C2-D85EB7FFFB97</generatorID>
<ownerDesignName>project-model</ownerDesignName>
<deleteRule>NO ACTION</deleteRule>
<referredTableID>057AF8E4-23FB-518B-9F39-2A654CC9F001</referredTableID>
<keyObject>8E4E32DA-495D-E4ED-BF19-799E5670C1C8</keyObject>
<referredKeyID>8E4E32DA-495D-E4ED-BF19-799E5670C1C8</referredKeyID>
<mandatory>true</mandatory>
<transferable>true</transferable>
<rely>false</rely>
<columnDependencyConstraintGenerateInDDL>true</columnDependencyConstraintGenerateInDDL>
</FKIndexAssociation>