<?xml version = '1.0' encoding = 'UTF-8'?>
<FKIndexAssociation class="oracle.dbtools.crest.model.design.relational.FKIndexAssociation" directorySegmentName="seg_0" id="B1E5BCAD-CA93-28D4-B7DD-5A5BBE47C520" containerWithKeyObject="057AF8E4-23FB-518B-9F39-2A654CC9F001" localFKIndex="034FC6F7-7388-A895-19B6-0C1E43095457" name="CONTRACT_COMPANY_FK">
<createdBy>josef</createdBy>
<createdTime>2016-01-03 15:36:57 UTC</createdTime>
<generatorID>B5460935-1C26-DA87-2D56-BFA90E22498C</generatorID>
<ownerDesignName>project-model</ownerDesignName>
<deleteRule>NO ACTION</deleteRule>
<referredTableID>13C6DA64-1C8F-9805-A1E3-BF61F5487CA3</referredTableID>
<keyObject>44DBD797-C30B-792F-579A-E7ED1DA20ECF</keyObject>
<referredKeyID>44DBD797-C30B-792F-579A-E7ED1DA20ECF</referredKeyID>
<mandatory>true</mandatory>
<transferable>true</transferable>
<rely>false</rely>
<columnDependencyConstraintGenerateInDDL>true</columnDependencyConstraintGenerateInDDL>
</FKIndexAssociation>