<?xml version = '1.0' encoding = 'UTF-8'?>
<FKIndexAssociation class="oracle.dbtools.crest.model.design.relational.FKIndexAssociation" directorySegmentName="seg_0" id="C7EE5CF9-F526-743C-EFDF-1754D1528F87" containerWithKeyObject="61042DAF-6187-8451-0753-EC14FD645EE2" localFKIndex="D3F3F68D-D85D-B143-F203-BDE0982006CF" name="FK_ASS_4">
<createdBy>josef</createdBy>
<createdTime>2016-01-03 15:36:57 UTC</createdTime>
<generatorID>9AA69141-F65B-9BEE-23E9-6C488F807B35</generatorID>
<ownerDesignName>project-model</ownerDesignName>
<deleteRule>NO ACTION</deleteRule>
<referredTableID>8536E0E7-6CE6-3D80-9F1B-95CD9ACBD8AD</referredTableID>
<keyObject>E8405CFD-543A-A671-3F0E-91BBEB4DBFE9</keyObject>
<referredKeyID>E8405CFD-543A-A671-3F0E-91BBEB4DBFE9</referredKeyID>
<mandatory>true</mandatory>
<transferable>true</transferable>
<rely>false</rely>
<columnDependencyConstraintGenerateInDDL>true</columnDependencyConstraintGenerateInDDL>
</FKIndexAssociation>