<?xml version = '1.0' encoding = 'UTF-8'?>
<FKIndexAssociation class="oracle.dbtools.crest.model.design.relational.FKIndexAssociation" directorySegmentName="seg_0" id="CF3709D9-E1F9-9BF5-8E74-145187075B6E" containerWithKeyObject="0E5EADCF-DF4E-C1CA-4196-5EEBA6644C6C" localFKIndex="EB64A687-530C-F299-94BF-78DD607240BF" name="CONTACT_PERSON_COMPANY_FK">
<createdBy>josef</createdBy>
<createdTime>2016-01-03 15:36:57 UTC</createdTime>
<generatorID>7BFBE13B-C6CF-8946-DA44-0C1A941DEBBA</generatorID>
<ownerDesignName>project-model</ownerDesignName>
<deleteRule>NO ACTION</deleteRule>
<referredTableID>13C6DA64-1C8F-9805-A1E3-BF61F5487CA3</referredTableID>
<keyObject>44DBD797-C30B-792F-579A-E7ED1DA20ECF</keyObject>
<referredKeyID>44DBD797-C30B-792F-579A-E7ED1DA20ECF</referredKeyID>
<mandatory>false</mandatory>
<transferable>true</transferable>
<rely>false</rely>
<columnDependencyConstraintGenerateInDDL>true</columnDependencyConstraintGenerateInDDL>
</FKIndexAssociation>