<?xml version = '1.0' encoding = 'UTF-8'?>
<FKIndexAssociation class="oracle.dbtools.crest.model.design.relational.FKIndexAssociation" directorySegmentName="seg_0" id="D1BC6250-B44F-16E4-4655-ECD27F1342EB" containerWithKeyObject="08A86CB8-E449-786F-08FB-85D47AED2DB7" localFKIndex="E9A6B11B-3678-45DD-CD6E-4C4517C4B0FF" name="FK_ASS_8">
<createdBy>josef</createdBy>
<createdTime>2016-01-03 15:36:57 UTC</createdTime>
<generatorID>338B67F6-F96C-9C0E-17F7-C811B855E8A9</generatorID>
<ownerDesignName>project-model</ownerDesignName>
<deleteRule>NO ACTION</deleteRule>
<referredTableID>B96BA1FB-6782-65A1-1802-E16D2CED633F</referredTableID>
<keyObject>DEE729B3-7FB1-5B99-A77D-51406BB02F0D</keyObject>
<referredKeyID>DEE729B3-7FB1-5B99-A77D-51406BB02F0D</referredKeyID>
<mandatory>true</mandatory>
<transferable>true</transferable>
<rely>false</rely>
<columnDependencyConstraintGenerateInDDL>true</columnDependencyConstraintGenerateInDDL>
</FKIndexAssociation>