<?xml version = '1.0' encoding = 'UTF-8'?>
<FKIndexAssociation class="oracle.dbtools.crest.model.design.relational.FKIndexAssociation" directorySegmentName="seg_0" id="DFE2F1FE-0AB7-6096-6EEA-6D821CEE78AB" containerWithKeyObject="057AF8E4-23FB-518B-9F39-2A654CC9F001" localFKIndex="2B117E30-3EC4-4A0B-DC0E-5403D48F0307" name="CONTRACT_EMPLOYEE_FK">
<createdBy>josef</createdBy>
<createdTime>2016-01-03 15:36:57 UTC</createdTime>
<generatorID>587E7917-D34D-57A3-27C6-E18D71F45DB6</generatorID>
<ownerDesignName>project-model</ownerDesignName>
<deleteRule>NO ACTION</deleteRule>
<referredTableID>8536E0E7-6CE6-3D80-9F1B-95CD9ACBD8AD</referredTableID>
<keyObject>E8405CFD-543A-A671-3F0E-91BBEB4DBFE9</keyObject>
<referredKeyID>E8405CFD-543A-A671-3F0E-91BBEB4DBFE9</referredKeyID>
<mandatory>true</mandatory>
<transferable>true</transferable>
<rely>false</rely>
<columnDependencyConstraintGenerateInDDL>true</columnDependencyConstraintGenerateInDDL>
</FKIndexAssociation>