<?xml version = '1.0' encoding = 'UTF-8'?>
<FKIndexAssociation class="oracle.dbtools.crest.model.design.relational.FKIndexAssociation" directorySegmentName="seg_0" id="F5066B35-D43B-A86D-D306-E9144F22BCB8" containerWithKeyObject="61042DAF-6187-8451-0753-EC14FD645EE2" localFKIndex="079F565E-DCBB-5AB1-22C6-F27EF4FE1836" name="FK_ASS_3">
<createdBy>josef</createdBy>
<createdTime>2016-01-03 15:36:57 UTC</createdTime>
<generatorID>9AA69141-F65B-9BEE-23E9-6C488F807B35</generatorID>
<ownerDesignName>project-model</ownerDesignName>
<deleteRule>NO ACTION</deleteRule>
<referredTableID>5818EF81-1E58-AAC6-644E-6133218A3D05</referredTableID>
<keyObject>C5EF4F2F-E39A-03AB-2685-FAA1FD5AB3EC</keyObject>
<referredKeyID>C5EF4F2F-E39A-03AB-2685-FAA1FD5AB3EC</referredKeyID>
<mandatory>true</mandatory>
<transferable>true</transferable>
<rely>false</rely>
<columnDependencyConstraintGenerateInDDL>true</columnDependencyConstraintGenerateInDDL>
</FKIndexAssociation>