<?xml version = '1.0' encoding = 'UTF-8'?>
<FKIndexAssociation class="oracle.dbtools.crest.model.design.relational.FKIndexAssociation" directorySegmentName="seg_0" id="FACC6CFB-7E98-4142-8E8B-FF6BE5C12BA6" containerWithKeyObject="08A86CB8-E449-786F-08FB-85D47AED2DB7" localFKIndex="F1C04ACD-12AD-A7B4-2490-02C41F2908F0" name="FK_ASS_7">
<createdBy>josef</createdBy>
<createdTime>2016-01-03 15:36:57 UTC</createdTime>
<generatorID>338B67F6-F96C-9C0E-17F7-C811B855E8A9</generatorID>
<ownerDesignName>project-model</ownerDesignName>
<deleteRule>NO ACTION</deleteRule>
<referredTableID>057AF8E4-23FB-518B-9F39-2A654CC9F001</referredTableID>
<keyObject>8E4E32DA-495D-E4ED-BF19-799E5670C1C8</keyObject>
<referredKeyID>8E4E32DA-495D-E4ED-BF19-799E5670C1C8</referredKeyID>
<mandatory>true</mandatory>
<transferable>true</transferable>
<rely>false</rely>
<columnDependencyConstraintGenerateInDDL>true</columnDependencyConstraintGenerateInDDL>
</FKIndexAssociation>