<?xml version = '1.0' encoding = 'UTF-8'?>
<relationalModel class="oracle.dbtools.crest.model.design.relational.RelationalDesign" name="Relational_3" id="CBD73B14-8BC9-C53D-BD67-71E011BC86BE" mainViewID="947502E9-7B10-3B0F-65F4-4E81966C27E8">
<createdBy>josef</createdBy>
<createdTime>2016-01-03 15:36:45 UTC</createdTime>
<ownerDesignName>project-model</ownerDesignName>
<shouldBeOpen>false</shouldBeOpen>
<selectedRDBMSSite>32076570-2523-435C-2E92-BF29817DFF70</selectedRDBMSSite>
</relationalModel>