<?xml version = '1.0' encoding = 'UTF-8'?>
<Relation class="oracle.dbtools.crest.model.design.logical.InheritanceRelation" name="Hierarchy_2" directorySegmentName="seg_0" id="38ED53FD-8556-06CD-1FD5-CFA25773317A">
<createdBy>josef</createdBy>
<createdTime>2015-12-25 12:41:37 UTC</createdTime>
<ownerDesignName>project-model</ownerDesignName>
<engineerTo>
<item key="6AC9900D-9D0B-CB6E-4A51-E0838FCD86DC" value="true"/>
</engineerTo>
<identifying>false</identifying>
<nameOnSource>Super Type</nameOnSource>
<nameOnTarget>Sub Type</nameOnTarget>
<optionalSource>true</optionalSource>
<optionalTarget>true</optionalTarget>
<sourceEntity>5DA898F0-8D58-099A-99D9-DDDFCC39A476</sourceEntity>
<targetEntity>7FEDF68F-EC68-49D1-23A4-67C29476F161</targetEntity>
<transferable>true</transferable>
<deleteRule>NO ACTION</deleteRule>
</Relation>