<?xml version = '1.0' encoding = 'UTF-8'?>
<Relation class="oracle.dbtools.crest.model.design.logical.InheritanceRelation" name="Hierarchy_1" directorySegmentName="seg_0" id="A3F8BEFE-4F2A-E5EB-9281-96AB0F523574">
<createdBy>josef</createdBy>
<createdTime>2015-12-25 12:37:16 UTC</createdTime>
<ownerDesignName>project-model</ownerDesignName>
<engineerTo>
<item key="6AC9900D-9D0B-CB6E-4A51-E0838FCD86DC" value="true"/>
</engineerTo>
<identifying>false</identifying>
<nameOnSource>Super Type</nameOnSource>
<nameOnTarget>Sub Type</nameOnTarget>
<optionalSource>true</optionalSource>
<optionalTarget>true</optionalTarget>
<sourceEntity>5DA898F0-8D58-099A-99D9-DDDFCC39A476</sourceEntity>
<targetEntity>0E117930-EBEC-BF21-D30E-947E70C541B9</targetEntity>
<transferable>true</transferable>
<deleteRule>NO ACTION</deleteRule>
</Relation>